# SleepLab epoch log, schema 3. One row per 30 s recording epoch.
# uptime_ms is device uptime and survives an app restart; wall_utc is the
# wall clock and can jump. Durations come from uptime, times of day from
# the wall clock, and -1 means not measured (never 0).
# Schema 2 adds the delivery and power columns the Tier 0 probe used to own,
# so one night can answer both what the wearer did and what the hardware did.
# They are absent, not zero, when the diagnostics setting is off.
# Schema 3 adds count_x/y/z, the per-axis integrals count is the vector
# magnitude of. Noise is roughly isotropic and movement is not, so the split
# is what separates a sensor noise floor from a floor of micro-movement.
uptime_ms,wall_utc,span_ms,count,peak,samples,count_x,count_y,count_z,motion,sig_motion,step_delta,hr_mean_x10,hr_min_x10,hr_samples,hr_source,worn_pct,worn_edges,batt_pct_x10,charging,rmssd_x10,sdnn_x10,rr_count,acc_batches,acc_max_gap_ms,touch_n,hr_trust_x10,hrex_opt,hrex_ext,hrex_unk,batt_mv,batt_ma_x10,batt_avg_ma_x10,batt_mah,wakes,msgs
# SleepLab v0.3.0 bed=1-1439 hr=continuous alarm=0 epoch_s=30 scoring_epoch_s=60
517518,1787260660,30000,630,638,1375,410,436,198,0,0,0,766,720,30,1,100,0,1000,0,-1,-1,0,143,40,0,8,30,0,0,4372,-165,-103,215,208,206
547518,1787260690,30000,187,18,1500,98,108,116,0,0,0,779,760,29,1,100,0,1000,0,-1,-1,0,156,21,0,8,29,0,0,4377,29,1,215,216,215
577518,1787260720,30000,186,20,1500,106,101,115,0,0,0,778,770,30,1,100,0,1000,0,-1,-1,0,156,21,0,8,30,0,0,4375,-37,-29,215,218,217
607518,1787260750,30000,188,17,1500,97,106,121,0,0,0,779,760,30,1,100,0,1000,0,-1,-1,0,156,21,0,8,30,0,0,4375,37,3,215,218,217
637518,1787260780,30000,184,18,1500,97,103,117,0,0,0,787,770,30,1,100,0,1000,0,-1,-1,0,156,21,0,8,30,0,0,4374,14,10,215,218,217
667520,1787260810,30002,183,18,1500,94,99,120,0,0,0,788,770,30,1,100,0,1000,0,-1,-1,0,156,21,0,8,30,0,0,4377,-29,-40,215,219,217
697518,1787260840,29998,171,18,1500,90,93,110,0,0,0,787,770,30,1,100,0,1000,0,-1,-1,0,156,21,0,8,30,0,0,4376,-6,-4,215,218,217
727519,1787260870,30001,186,16,1500,100,103,119,0,0,0,794,780,30,1,100,0,1000,0,-1,-1,0,156,21,0,8,30,0,0,4376,-37,-31,215,219,217
757518,1787260900,29999,178,16,1500,101,100,106,0,0,0,801,790,29,1,100,0,999,0,-1,-1,0,156,21,0,8,29,0,0,4376,0,-9,215,217,216
787518,1787260930,30000,195,19,1500,101,105,129,0,0,0,809,800,30,1,100,0,999,0,-1,-1,0,156,40,0,8,30,0,0,4377,21,-4,214,219,217
817518,1787260960,30000,188,19,1500,104,104,117,0,0,0,791,760,30,1,100,0,999,0,-1,-1,0,156,21,0,8,30,0,0,4376,-85,-54,214,218,217
847519,1787260990,30001,178,16,1500,102,90,114,0,0,0,757,730,30,1,100,0,999,0,-1,-1,0,156,21,0,8,30,0,0,4375,21,9,214,219,217
877519,1787261020,30000,186,18,1500,105,99,117,0,0,0,751,730,30,1,100,0,1000,0,-1,-1,0,156,21,0,8,30,0,0,4374,21,15,214,220,218
907519,1787261050,30000,192,23,1500,98,114,118,0,0,0,749,730,30,1,100,0,1000,0,-1,-1,0,156,21,0,8,30,0,0,4377,-6,-9,214,219,217
937518,1787261080,29999,178,17,1375,92,108,108,0,0,0,738,710,29,1,100,0,1000,0,-1,-1,0,143,21,0,8,29,0,0,4376,-29,-23,214,203,202
967518,1787261110,30000,183,18,1500,97,99,119,0,0,0,699,690,30,1,100,0,1000,0,-1,-1,0,156,21,0,8,30,0,0,4376,-6,-3,214,219,217
997520,1787261140,30002,179,19,1500,92,101,115,0,0,0,727,690,30,1,100,0,1000,0,-1,-1,0,156,21,0,8,30,0,0,4376,-6,-45,214,219,217
1027518,1787261170,29998,187,19,1500,101,105,117,0,0,0,759,740,30,1,100,0,1000,0,-1,-1,0,156,21,0,9,30,0,0,4375,45,21,214,218,217
1057518,1787261200,30000,179,17,1500,97,105,106,0,0,0,789,770,30,1,100,0,1000,0,-1,-1,0,156,21,0,10,30,0,0,4375,-50,-29,214,218,217
1087519,1787261230,30001,182,17,1500,105,95,114,0,0,0,779,760,30,1,100,0,1000,0,-1,-1,0,156,21,0,9,30,0,0,4376,29,-7,214,219,217
1117518,1787261260,29999,184,17,1500,100,105,112,0,0,0,777,770,29,1,100,0,1000,0,-1,-1,0,156,21,0,8,29,0,0,4375,21,9,214,216,215
1147518,1787261290,30000,185,19,1500,99,97,122,0,0,0,778,750,30,1,100,0,1000,0,-1,-1,0,156,21,0,8,30,0,0,4374,-137,-71,214,218,217
1177519,1787261320,30001,192,17,1500,99,106,126,0,0,0,717,680,30,1,100,0,1000,0,-1,-1,0,156,21,0,8,30,0,0,4375,-81,-31,214,219,217
1207518,1787261350,29999,186,21,1500,93,99,127,0,0,0,705,690,30,1,100,0,1000,0,-1,-1,0,156,21,0,8,30,0,0,4375,-14,-6,214,218,217
1237518,1787261380,30000,191,19,1500,97,109,122,0,0,0,706,670,30,1,100,0,1000,0,-1,-1,0,156,21,0,9,30,0,0,4367,-21,-28,214,218,217
1267518,1787261410,30000,181,18,1500,94,106,113,0,0,0,651,620,30,1,100,0,1000,0,-1,-1,0,156,21,0,8,30,0,0,4375,-14,-18,214,219,217
1297518,1787261440,30000,175,18,1500,91,95,115,0,0,0,646,630,30,1,100,0,1000,0,-1,-1,0,156,21,0,8,30,0,0,4374,50,23,214,219,217
1327518,1787261470,30000,192,21,1500,102,108,122,0,0,0,644,630,29,1,100,0,1000,0,-1,-1,0,156,21,0,8,29,0,0,4376,37,-117,214,216,215
1357520,1787261500,30002,187,17,1500,95,107,120,0,0,0,626,600,30,1,100,0,1000,0,-1,-1,0,156,21,0,8,30,0,0,4374,50,32,214,219,217
1387518,1787261530,29998,192,20,1500,98,107,125,0,0,0,616,600,30,1,100,0,1000,0,-1,-1,0,156,21,0,8,30,0,0,4374,37,26,214,218,217
1417518,1787261560,30000,185,17,1500,100,106,113,0,0,0,614,590,30,1,100,0,1000,0,-1,-1,0,156,40,0,8,30,0,0,4374,-14,-28,214,219,217
1447518,1787261590,30000,174,19,1375,95,91,113,0,0,0,635,620,30,1,100,0,1000,0,-1,-1,0,143,21,0,8,30,0,0,4374,-6,-9,214,205,204
1477518,1787261620,30000,199,17,1625,109,107,126,0,0,0,637,610,30,1,100,0,1000,0,-1,-1,0,169,21,0,8,30,0,0,4376,-14,-20,214,232,230
1507518,1787261650,30000,174,18,1500,86,93,119,0,0,0,624,600,30,1,100,0,1000,0,-1,-1,0,156,21,0,8,30,0,0,4375,-37,-29,214,218,217
1537519,1787261680,30001,167,19,1375,93,97,100,0,0,0,659,640,29,1,100,0,1000,0,-1,-1,0,143,21,0,8,29,0,0,4374,73,43,214,204,202
1567518,1787261710,29999,182,19,1500,106,94,114,0,0,0,694,670,30,1,100,0,1000,0,-1,-1,0,156,21,0,8,30,0,0,4374,21,-1,214,219,217
1597518,1787261740,30000,183,18,1500,96,98,121,0,0,0,695,670,30,1,100,0,1000,0,-1,-1,0,156,40,0,9,30,0,0,4374,-29,-1,214,218,217
1627518,1787261770,30000,188,17,1500,98,104,121,0,0,0,737,710,30,1,100,0,1000,0,-1,-1,0,156,21,0,8,30,0,0,4374,21,9,214,219,217
1657518,1787261800,30000,189,19,1500,100,101,125,0,0,0,775,730,30,1,100,0,1000,0,-1,-1,0,156,21,0,9,30,0,0,4375,-14,1,214,219,217
1687518,1787261830,30000,188,18,1500,91,106,125,0,0,0,766,740,30,1,100,0,1000,0,-1,-1,0,156,21,0,9,30,0,0,4375,-87,-35,214,218,217
1717520,1787261860,30002,194,19,1500,106,106,123,0,0,0,749,740,29,1,100,0,1000,0,-1,-1,0,156,21,0,9,29,0,0,4374,-21,7,214,217,215
1747519,1787261890,29999,198,17,1500,108,111,123,0,0,0,739,720,30,1,100,0,999,0,-1,-1,0,156,21,0,8,30,0,0,4376,0,-65,214,220,218
1777518,1787261920,29999,179,17,1500,91,100,117,0,0,0,673,650,30,1,100,0,999,0,-1,-1,0,156,21,0,8,30,0,0,4375,14,14,214,219,217
1807518,1787261950,30000,172,16,1500,95,90,110,0,0,0,625,600,30,1,100,0,999,0,-1,-1,0,156,21,0,8,30,0,0,4374,0,-12,214,218,217
1837518,1787261980,30000,178,18,1500,92,100,114,0,0,0,611,580,30,1,100,0,999,0,-1,-1,0,156,21,0,8,30,0,0,4374,73,40,214,218,217
1867519,1787262010,30001,174,20,1500,90,100,110,0,0,0,627,620,29,1,100,0,1000,0,-1,-1,0,156,21,0,7,29,0,0,4372,29,9,214,218,216
1897519,1787262040,30000,190,18,1500,96,109,121,0,0,0,667,650,30,1,100,0,1000,0,-1,-1,0,156,21,0,8,30,0,0,4373,-21,-9,214,219,217
1927518,1787262070,29999,194,21,1500,101,111,122,0,0,0,650,640,30,1,100,0,1000,0,-1,-1,0,156,40,0,8,30,0,0,4374,45,12,214,218,217
1957519,1787262100,30001,185,19,1500,97,103,117,0,0,0,634,620,30,1,100,0,1000,0,-1,-1,0,156,21,0,8,30,0,0,4374,-29,-10,214,219,217
1987519,1787262130,30000,189,18,1500,104,102,118,0,0,0,652,620,30,1,100,0,1000,0,-1,-1,0,156,21,0,8,30,0,0,4373,-21,-21,214,219,217
2017520,1787262160,30001,183,20,1375,94,99,121,0,0,0,674,660,29,1,100,0,1000,0,-1,-1,0,143,21,0,8,29,0,0,4376,21,-3,214,204,202
2047518,1787262190,29998,189,17,1500,101,102,123,0,0,0,663,620,30,1,100,0,1000,0,-1,-1,0,156,21,0,8,30,0,0,4376,0,3,214,218,217
2077518,1787262220,30000,192,18,1500,99,99,130,0,0,0,615,590,30,1,100,0,1000,0,-1,-1,0,156,21,0,8,30,0,0,4375,21,6,214,218,217
2107518,1787262250,30000,186,16,1500,99,103,119,0,0,0,625,610,30,1,100,0,1000,0,-1,-1,0,156,21,0,8,30,0,0,4374,-6,-9,214,218,217
2137518,1787262280,30000,181,16,1500,97,102,113,0,0,0,679,630,30,1,100,0,1000,0,-1,-1,0,156,21,0,8,30,0,0,4374,21,-31,214,219,217
2167518,1787262310,30000,193,18,1500,100,109,124,0,0,0,710,690,30,1,100,0,1000,0,-1,-1,0,156,40,0,8,30,0,0,4374,0,12,214,219,217
2197518,1787262340,30000,191,20,1500,106,106,118,0,0,0,762,730,30,1,100,0,1000,0,-1,-1,0,156,21,0,8,30,0,0,4374,-43,-15,214,219,217
2227518,1787262370,30000,194,21,1500,94,114,125,0,0,0,783,770,30,1,100,0,1000,0,-1,-1,0,156,21,0,8,30,0,0,4374,-43,-15,214,219,217
2257518,1787262400,30000,175,15,1500,98,104,101,0,0,0,766,750,29,1,100,0,1000,0,-1,-1,0,156,21,0,8,29,0,0,4367,-43,-15,214,216,215
2287518,1787262430,30000,193,19,1500,100,103,129,0,0,0,757,740,30,1,100,0,1000,0,-1,-1,0,156,21,0,9,30,0,0,4371,-21,-23,214,218,217
2317519,1787262460,30001,184,17,1500,93,101,121,0,0,0,714,680,30,1,100,0,1000,0,-1,-1,0,156,21,0,8,30,0,0,4374,0,-9,214,219,217
2347518,1787262490,29999,170,14,1500,92,98,104,0,0,0,674,650,30,1,100,0,1000,0,-1,-1,0,156,21,0,8,30,0,0,4374,-87,-54,214,219,217
2377518,1787262520,30000,181,16,1500,92,104,115,0,0,0,651,620,30,1,100,0,1000,0,-1,-1,0,156,21,0,8,30,0,0,4369,-109,-60,214,218,217
2407518,1787262550,30000,187,19,1500,90,102,128,0,0,0,635,610,30,1,100,0,1000,0,-1,-1,0,156,21,0,8,30,0,0,4372,-6,-1,214,218,217
2437518,1787262580,30000,174,16,1500,93,100,106,0,0,0,618,600,30,1,100,0,1000,0,-1,-1,0,156,21,0,8,30,0,0,4373,14,-28,214,219,217
2467518,1787262610,30000,195,17,1500,99,106,130,0,0,0,714,630,29,1,100,0,1000,0,-1,-1,0,156,21,0,8,29,0,0,4372,-14,10,214,217,215
2497518,1787262640,30000,178,16,1500,91,105,111,0,0,0,898,820,30,1,100,0,1000,0,-1,-1,0,156,21,0,9,30,0,0,4374,-29,4,214,219,217
2527518,1787262670,30000,180,19,1500,95,101,113,0,0,0,933,920,30,1,100,0,1000,0,-1,-1,0,156,21,0,10,30,0,0,4375,0,3,214,218,217
2557518,1787262700,30000,161,18,1375,90,86,102,0,0,0,949,930,30,1,100,0,1000,0,-1,-1,0,143,21,0,11,30,0,0,4374,-65,-34,214,205,204
2587518,1787262730,30000,193,19,1625,103,107,123,0,0,0,956,950,30,1,100,0,1000,0,-1,-1,0,169,21,0,8,30,0,0,4372,-95,-46,214,232,230
2617518,1787262760,30000,186,19,1500,91,103,125,0,0,0,927,900,30,1,100,0,1000,0,-1,-1,0,156,21,0,9,30,0,0,4372,0,-6,214,219,217
2647519,1787262790,30001,164,16,1375,86,87,109,0,0,0,895,870,29,1,100,0,1000,0,-1,-1,0,143,21,0,8,29,0,0,4373,-57,-26,214,204,202
2677519,1787262820,30000,184,17,1500,88,105,124,0,0,0,814,770,30,1,100,0,1000,0,-1,-1,0,156,21,0,8,30,0,0,4371,51,25,214,219,217
2707518,1787262850,29999,181,16,1500,99,94,119,0,0,0,724,710,30,1,100,0,1000,0,-1,-1,0,156,21,0,9,30,0,0,4374,87,56,214,218,217
2737519,1787262880,30001,193,17,1500,104,104,125,0,0,0,712,700,30,1,100,0,1000,0,-1,-1,0,156,40,0,8,30,0,0,4371,-14,-17,214,219,217
2767518,1787262910,29999,192,19,1500,94,107,129,0,0,0,732,710,30,1,100,0,1000,0,-1,-1,0,156,21,0,8,30,0,0,4374,-57,-21,214,218,217
2797518,1787262940,30000,180,17,1500,96,96,118,0,0,0,737,730,30,1,100,0,1000,0,-1,-1,0,156,21,0,8,30,0,0,4372,-14,3,214,219,217
2827518,1787262970,30000,174,18,1500,94,97,110,0,0,0,752,740,29,1,100,0,1000,0,-1,-1,0,156,21,0,8,29,0,0,4371,-14,-10,214,217,215
2857518,1787263000,30000,183,18,1500,97,107,112,0,0,0,755,740,30,1,100,0,1000,0,-1,-1,0,156,21,0,9,30,0,0,4372,-14,-12,214,218,217
2887519,1787263030,30001,187,16,1500,103,94,124,0,0,0,751,730,30,1,100,0,1000,0,-1,-1,0,156,21,0,10,30,0,0,4368,-6,-12,214,219,217
2917518,1787263060,29999,193,17,1500,109,103,120,0,0,0,684,660,30,1,100,0,1000,0,-1,-1,0,156,21,0,8,30,0,0,4373,0,-28,214,219,217
2947519,1787263090,30001,189,20,1500,99,108,119,0,0,0,680,670,30,1,100,0,1000,0,-1,-1,0,156,21,0,8,30,0,0,4372,0,-14,214,219,217
2977518,1787263120,29999,177,17,1500,93,98,113,0,0,0,670,640,30,1,100,0,1000,0,-1,-1,0,156,21,0,8,30,0,0,4373,-29,-6,214,218,217
3007518,1787263150,30000,174,19,1375,89,93,117,0,0,0,622,600,30,1,100,0,1000,0,-1,-1,0,143,40,0,8,30,0,0,4372,0,-15,214,206,204
3037518,1787263180,30000,191,19,1500,97,102,128,0,0,0,598,570,30,1,100,0,1000,0,-1,-1,0,156,40,0,8,30,0,0,4374,-50,-39,214,218,217
3067518,1787263210,30000,186,17,1500,103,97,120,0,0,0,601,580,29,1,100,0,1000,0,-1,-1,0,156,21,0,8,29,0,0,4373,-37,-9,214,216,215
3097518,1787263240,30000,194,17,1500,100,98,134,0,0,0,638,610,30,1,100,0,1000,0,-1,-1,0,156,21,0,8,30,0,0,4372,-14,-10,214,218,217
3127518,1787263270,30000,180,19,1500,95,94,120,0,0,0,653,610,30,1,100,0,1000,0,-1,-1,0,156,40,0,8,30,0,0,4373,29,12,214,218,217
3157519,1787263300,30001,183,21,1500,100,98,116,0,0,0,716,650,30,1,100,0,1000,0,-1,-1,0,156,21,0,9,30,0,0,4372,6,-6,214,219,217
3187518,1787263330,29999,179,17,1500,95,100,113,0,0,0,728,690,30,1,100,0,1000,0,-1,-1,0,156,21,0,8,30,0,0,4373,-21,3,214,218,217
3217518,1787263360,30000,186,19,1500,90,103,125,0,0,0,704,690,30,1,100,0,1000,0,-1,-1,0,156,21,0,8,30,0,0,4372,-29,-12,214,218,217
3247519,1787263390,30001,179,19,1500,97,94,116,0,0,0,689,660,30,1,100,0,1000,0,-1,-1,0,156,21,0,9,30,0,0,4373,-6,-10,214,219,217
3277519,1787263420,30000,182,19,1500,96,99,118,0,0,0,679,660,29,1,100,0,1000,0,-1,-1,0,156,21,0,8,29,0,0,4374,-29,-18,214,217,215
3307518,1787263450,29999,195,19,1500,98,105,131,0,0,0,746,700,30,1,100,0,1000,0,-1,-1,0,156,21,0,9,30,0,0,4373,6,4,214,218,217
3337519,1787263480,30001,182,18,1500,99,95,119,0,0,0,810,790,30,1,100,0,1000,0,-1,-1,0,156,21,0,9,30,0,0,4372,0,-21,214,219,217
3367519,1787263510,30000,180,17,1500,98,108,105,0,0,0,784,720,30,1,100,0,1000,0,-1,-1,0,156,21,0,8,30,0,0,4373,14,-3,214,219,217
3397518,1787263540,29999,182,17,1500,96,97,120,0,0,0,699,670,30,1,100,0,1000,0,-1,-1,0,156,21,0,8,30,0,0,4371,37,43,214,218,217
3427518,1787263570,30000,167,22,1375,82,98,108,0,0,0,687,660,30,1,100,0,1000,0,-1,-1,0,143,40,0,8,30,0,0,4373,21,6,214,206,204
3457518,1787263600,30000,194,18,1500,90,106,135,0,0,0,674,650,30,1,100,0,1000,0,-1,-1,0,156,21,0,8,30,0,0,4370,-21,-18,214,218,217
3487519,1787263630,30001,186,19,1500,95,108,117,0,0,0,647,640,29,1,100,0,1000,0,-1,-1,0,156,21,0,8,29,0,0,4371,0,3,214,217,215
3517520,1787263660,30001,177,18,1500,95,97,112,0,0,0,646,620,30,1,100,0,1000,0,-1,-1,0,156,21,0,8,30,0,0,4371,-14,7,214,219,217
3547520,1787263690,30000,184,17,1500,101,101,115,0,0,0,630,610,30,1,100,0,1000,0,-1,-1,0,156,21,0,8,30,0,0,4372,14,-1,214,219,217
3577518,1787263720,29998,181,18,1500,88,103,120,0,0,0,629,620,30,1,100,0,1000,0,-1,-1,0,156,21,0,8,30,0,0,4372,-21,-26,214,218,217
3607519,1787263750,30001,197,20,1500,98,120,122,0,0,0,641,620,30,1,100,0,1000,0,-1,-1,0,156,40,0,8,30,0,0,4372,-21,-18,214,219,217
3637518,1787263780,29999,191,19,1500,102,106,121,0,0,0,612,590,30,1,100,0,1000,0,-1,-1,0,156,21,0,8,30,0,0,4370,-14,-18,214,219,217
3667518,1787263810,30000,191,18,1500,95,96,135,0,0,0,607,590,30,1,100,0,1000,0,-1,-1,0,156,21,0,8,30,0,0,4370,6,-7,214,218,217
3697519,1787263840,30001,179,18,1500,95,98,116,0,0,0,644,630,29,1,100,0,1000,0,-1,-1,0,156,21,0,8,29,0,0,4371,57,25,214,217,215
3727518,1787263870,29999,181,17,1500,94,102,115,0,0,0,651,640,30,1,100,0,1000,0,-1,-1,0,156,21,0,8,30,0,0,4372,45,23,214,219,217
3757518,1787263900,30000,173,16,1500,92,94,112,0,0,0,620,590,30,1,100,0,1000,0,-1,-1,0,156,21,0,8,30,0,0,4371,37,18,214,219,217
3787519,1787263930,30001,184,16,1500,92,104,120,0,0,0,644,610,30,1,100,0,999,0,-1,-1,0,156,21,0,8,30,0,0,4371,37,15,213,220,218
3817519,1787263960,30000,178,16,1500,91,104,111,0,0,0,723,690,30,1,100,0,999,0,-1,-1,0,156,21,0,8,30,0,0,4371,-21,-14,213,219,217
3847518,1787263990,29999,172,20,1375,85,97,114,0,0,0,774,750,29,1,100,0,999,0,-1,-1,0,143,21,0,8,29,0,0,4372,65,14,213,203,202
3877519,1787264020,30001,177,15,1500,93,98,114,0,0,0,841,800,30,1,100,0,999,0,-1,-1,0,156,21,0,9,30,0,0,4372,-43,-18,213,219,217
3907518,1787264050,29999,194,17,1500,98,114,123,0,0,0,895,850,30,1,100,0,1000,0,-1,-1,0,156,21,0,8,30,0,0,4371,29,14,213,220,218
3937519,1787264080,30001,181,17,1500,92,97,122,0,0,0,959,930,30,1,100,0,1000,0,-1,-1,0,156,40,0,11,30,0,0,4372,0,-3,213,219,217
3967518,1787264110,29999,189,17,1500,101,106,120,0,0,0,967,950,30,1,100,0,1000,0,-1,-1,0,156,21,0,9,30,0,0,4371,-6,-7,213,219,217
3997518,1787264140,30000,188,17,1500,102,106,116,0,0,0,995,980,29,1,100,0,1000,0,-1,-1,0,156,40,0,11,29,0,0,4371,-6,-1,213,217,215
4027518,1787264170,30000,177,18,1500,95,93,117,0,0,0,968,920,30,1,100,0,1000,0,-1,-1,0,156,21,0,12,30,0,0,4371,0,-18,213,218,217
4057518,1787264200,30000,188,18,1500,102,102,120,0,0,0,909,890,30,1,100,0,1000,0,-1,-1,0,156,21,0,9,30,0,0,4371,-95,-67,213,218,217
4087519,1787264230,30001,179,17,1500,93,103,112,0,0,0,885,830,30,1,100,0,1000,0,-1,-1,0,156,21,0,8,30,0,0,4372,-6,-14,213,219,217
4117519,1787264260,30000,186,18,1500,103,97,120,0,0,0,808,760,30,1,100,0,1000,0,-1,-1,0,156,21,0,8,30,0,0,4372,-87,-50,213,219,217
4147518,1787264290,29999,177,17,1500,85,99,119,0,0,0,728,690,30,1,100,0,1000,0,-1,-1,0,156,21,0,8,30,0,0,4371,0,6,213,218,217
4177519,1787264320,30001,180,18,1500,96,98,116,0,0,0,698,660,30,1,100,0,1000,0,-1,-1,0,156,21,0,8,30,0,0,4370,-57,-31,213,219,217
4207518,1787264350,29999,176,17,1375,92,103,109,0,0,0,640,620,29,1,100,0,1000,0,-1,-1,0,143,40,0,8,29,0,0,4370,-21,-28,213,204,202
4237518,1787264380,30000,176,17,1500,95,94,114,0,0,0,612,600,30,1,100,0,1000,0,-1,-1,0,156,21,0,8,30,0,0,4369,0,1,213,218,217
4267518,1787264410,30000,181,17,1500,96,108,109,0,0,0,642,620,30,1,100,0,1000,0,-1,-1,0,156,21,0,8,30,0,0,4370,21,0,213,218,217
4297519,1787264440,30001,186,18,1500,93,102,124,0,0,0,657,630,30,1,100,0,1000,0,-1,-1,0,156,21,0,9,30,0,0,4372,0,9,213,219,217
4327519,1787264470,30000,176,19,1500,89,97,116,0,0,0,650,630,30,1,100,0,1000,0,-1,-1,0,156,21,0,8,30,0,0,4370,-29,-4,213,219,217
4357519,1787264500,30000,177,16,1500,93,93,117,0,0,0,613,590,30,1,100,0,1000,0,-1,-1,0,156,21,0,8,30,0,0,4371,-14,-20,213,219,217
4387518,1787264530,29999,186,18,1500,92,102,126,0,0,0,626,610,30,1,100,0,1000,0,-1,-1,0,156,21,0,8,30,0,0,4370,-37,-15,213,218,217
4417518,1787264560,30000,180,18,1500,97,89,122,0,0,0,641,630,29,1,100,0,1000,0,-1,-1,0,156,21,0,8,29,0,0,4371,0,-23,213,216,215
4447519,1787264590,30001,188,16,1500,100,106,118,0,0,0,654,630,30,1,100,0,1000,0,-1,-1,0,156,21,0,8,30,0,0,4372,21,0,213,219,217
4477518,1787264620,29999,184,18,1500,93,101,123,0,0,0,643,620,30,1,100,0,1000,0,-1,-1,0,156,40,0,8,30,0,0,4371,6,-18,213,219,217
4507518,1787264650,30000,185,20,1500,89,105,123,0,0,0,668,630,30,1,100,0,1000,0,-1,-1,0,156,21,0,8,30,0,0,4370,37,18,213,218,217
4537519,1787264680,30001,176,16,1500,93,95,116,0,0,0,727,710,30,1,100,0,1000,0,-1,-1,0,156,21,0,8,30,0,0,4370,-123,-65,213,219,217
4567519,1787264710,30000,194,18,1500,97,105,131,0,0,0,737,680,30,1,100,0,1000,0,-1,-1,0,156,40,0,9,30,0,0,4371,-21,-15,213,219,217
4597518,1787264740,29999,182,21,1500,93,98,121,0,0,0,658,640,29,1,100,0,999,0,-1,-1,0,156,21,0,8,29,0,0,4371,-6,-43,213,218,216
4627518,1787264770,30000,183,17,1500,98,104,115,0,0,0,687,650,30,1,100,0,999,0,-1,-1,0,156,21,0,8,30,0,0,4371,65,32,213,218,217
4657518,1787264800,30000,185,20,1500,94,105,118,0,0,0,704,690,30,1,100,0,999,0,-1,-1,0,156,21,0,8,30,0,0,4371,-50,-7,213,218,217
4687520,1787264830,30002,167,16,1375,91,94,103,0,0,0,658,630,30,1,100,0,999,0,-1,-1,0,143,21,0,8,30,0,0,4370,6,0,213,206,204
4717518,1787264860,29998,187,18,1500,96,108,117,0,0,0,638,610,30,1,100,0,999,0,-1,-1,0,156,21,0,8,30,0,0,4371,-6,-1,213,218,217
4747518,1787264890,30000,185,17,1500,98,97,123,0,0,0,633,610,30,1,100,0,999,0,-1,-1,0,156,21,0,8,30,0,0,4369,-37,-26,213,219,217
4777518,1787264920,30000,196,20,1500,104,105,128,0,0,0,621,590,29,1,100,0,999,0,-1,-1,0,156,40,0,8,29,0,0,4370,-57,-51,213,217,215
4807518,1787264950,30000,194,20,1500,108,110,118,0,0,0,621,600,30,1,100,0,1000,0,-1,-1,0,156,40,0,8,30,0,0,4370,-29,6,213,220,218
4837518,1787264980,30000,190,20,1500,98,102,127,0,0,0,624,610,30,1,100,0,1000,0,-1,-1,0,156,21,0,8,30,0,0,4369,-43,15,213,218,217
4867518,1787265010,30000,187,16,1500,97,101,123,0,0,0,628,600,30,1,100,0,1000,0,-1,-1,0,156,21,0,8,30,0,0,4370,14,14,213,218,217
4897518,1787265040,30000,180,21,1500,95,104,112,0,0,0,614,600,29,1,100,0,1000,0,-1,-1,0,156,21,0,8,29,0,0,4371,-50,-25,213,216,215
4927518,1787265070,30000,189,18,1500,96,101,126,0,0,0,640,600,30,1,100,0,1000,0,-1,-1,0,156,21,0,8,30,0,0,4369,-37,-18,213,218,217
4957519,1787265100,30001,193,17,1500,94,99,136,0,0,0,660,640,30,1,100,0,1000,0,-1,-1,0,156,21,0,8,30,0,0,4368,6,3,213,219,217
4987518,1787265130,29999,171,22,1375,90,90,114,0,0,0,638,620,30,1,100,0,1000,0,-1,-1,0,143,21,0,8,30,0,0,4368,6,-1,213,205,204
5017518,1787265160,30000,182,17,1500,90,102,120,0,0,0,644,630,30,1,100,0,1000,0,-1,-1,0,156,21,0,8,30,0,0,4370,-65,-50,213,219,217
5047519,1787265190,30001,202,20,1500,99,99,145,0,0,0,630,620,30,1,100,0,1000,0,-1,-1,0,156,40,0,8,30,0,0,4370,-21,-42,213,219,217
5077518,1787265220,29999,183,17,1500,96,102,117,0,0,0,619,590,30,1,100,0,1000,0,-1,-1,0,156,40,0,8,30,0,0,4371,-6,-18,213,219,217
5107519,1787265250,30001,182,18,1500,103,98,113,0,0,0,628,600,29,1,100,0,1000,0,-1,-1,0,156,21,0,8,29,0,0,4370,-43,-53,213,217,215
5137518,1787265280,29999,179,18,1500,93,97,118,0,0,0,619,610,30,1,100,0,1000,0,-1,-1,0,156,21,0,8,30,0,0,4369,-14,-32,213,218,217
5167519,1787265310,30001,179,17,1500,91,98,118,0,0,0,615,600,30,1,100,0,1000,0,-1,-1,0,156,21,0,8,30,0,0,4370,57,21,213,219,217
5197518,1787265340,29999,188,20,1500,95,98,128,0,0,0,616,610,30,1,100,0,1000,0,-1,-1,0,156,21,0,8,30,0,0,4369,14,-1,213,219,217
5227519,1787265370,30001,185,18,1500,96,100,122,0,0,0,614,600,30,1,100,0,1000,0,-1,-1,0,156,21,0,9,30,0,0,4369,-65,-21,213,219,217
5257519,1787265400,30000,175,18,1500,88,101,112,0,0,0,622,600,30,1,100,0,1000,0,-1,-1,0,156,21,0,8,30,0,0,4371,6,3,213,219,217
5287518,1787265430,29999,179,21,1500,97,98,114,0,0,0,621,590,30,1,100,0,1000,0,-1,-1,0,156,21,0,8,30,0,0,4370,-37,-23,213,219,217
5317518,1787265460,30000,178,22,1500,95,97,115,0,0,0,610,590,29,1,100,0,1000,0,-1,-1,0,156,21,0,8,29,0,0,4369,-14,-4,213,216,215
5347519,1787265490,30001,180,17,1500,94,106,110,0,0,0,640,610,30,1,100,0,1000,0,-1,-1,0,156,21,0,8,30,0,0,4369,6,9,213,219,217
5377518,1787265520,29999,179,21,1375,96,87,123,0,0,0,656,640,30,1,100,0,1000,0,-1,-1,0,143,40,0,8,30,0,0,4368,21,12,213,206,204
5407519,1787265550,30001,193,25,1500,110,99,124,0,0,0,627,600,30,1,100,0,1000,0,-1,-1,0,156,40,0,8,30,0,0,4369,0,-14,213,219,217
5437518,1787265580,29999,177,17,1500,95,97,114,0,0,0,651,620,30,1,100,0,1000,0,-1,-1,0,156,21,0,8,30,0,0,4369,0,-1,213,218,217
5467518,1787265610,30000,186,17,1500,97,104,119,0,0,0,628,610,30,1,100,0,1000,0,-1,-1,0,156,21,0,8,30,0,0,4369,21,-6,213,219,217
5497518,1787265640,30000,181,17,1500,91,100,120,0,0,0,676,630,30,1,100,0,1000,0,-1,-1,0,156,21,0,8,30,0,0,4369,-37,-37,213,219,217
5527518,1787265670,30000,179,16,1500,91,98,119,0,0,0,720,700,29,1,100,0,1000,0,-1,-1,0,156,21,0,8,29,0,0,4368,-6,-12,213,216,215
5557519,1787265700,30001,180,17,1500,90,109,112,0,0,0,752,730,30,1,100,0,1000,0,-1,-1,0,156,21,0,8,30,0,0,4369,14,20,213,219,217
5587518,1787265730,29999,191,18,1500,89,106,132,0,0,0,766,740,30,1,100,0,1000,0,-1,-1,0,156,21,0,8,30,0,0,4369,-14,-15,213,218,217
5617518,1787265760,30000,181,17,1500,96,97,118,0,0,0,759,720,30,1,100,0,1000,0,-1,-1,0,156,21,0,8,30,0,0,4369,-73,-43,213,218,217
5647519,1787265790,30001,184,18,1500,94,102,121,0,0,0,678,650,30,1,100,0,1000,0,-1,-1,0,156,21,0,8,30,0,0,4370,-65,-34,213,219,217
5677519,1787265820,30000,193,18,1500,98,108,125,0,0,0,647,620,30,1,100,0,1000,0,-1,-1,0,156,21,0,8,30,0,0,4369,37,6,213,219,217
5707518,1787265850,29999,177,18,1500,97,98,111,0,0,0,631,600,29,1,100,0,1000,0,-1,-1,0,156,40,0,8,29,0,0,4368,-81,-50,213,217,215
5737518,1787265880,30000,179,16,1500,90,105,113,0,0,0,613,600,30,1,100,0,1000,0,-1,-1,0,156,21,0,8,30,0,0,4369,21,6,213,219,217
5767518,1787265910,30000,176,17,1500,88,101,114,0,0,0,612,610,30,1,100,0,1000,0,-1,-1,0,156,21,0,8,30,0,0,4369,-43,-29,213,218,217
5797518,1787265940,30000,179,19,1500,89,102,116,0,0,0,601,590,30,1,100,0,1000,0,-1,-1,0,156,21,0,8,30,0,0,4369,-6,3,213,218,217
5827519,1787265970,30001,162,18,1375,88,94,98,0,0,0,625,620,30,1,100,0,1000,0,-1,-1,0,143,21,0,8,30,0,0,4367,-57,-20,213,206,204
5857520,1787266000,30001,184,19,1500,100,100,117,0,0,0,621,610,30,1,100,0,1000,0,-1,-1,0,156,21,0,8,30,0,0,4367,14,-1,213,219,217
5887518,1787266030,29998,181,17,1500,101,100,112,0,0,0,648,630,30,1,100,0,1000,0,-1,-1,0,156,21,0,8,30,0,0,4369,-95,-56,213,218,217
5917518,1787266060,30000,177,16,1500,91,98,116,0,0,0,655,630,29,1,100,0,1000,0,-1,-1,0,156,21,0,8,29,0,0,4368,-65,-29,213,216,215
5947518,1787266090,30000,179,16,1500,88,102,118,0,0,0,700,680,30,1,100,0,1000,0,-1,-1,0,156,40,0,8,30,0,0,4367,-21,-7,213,219,217
5977519,1787266120,30001,190,17,1500,96,106,124,0,0,0,694,670,30,1,100,0,999,0,-1,-1,0,156,40,0,8,30,0,0,4369,6,-25,212,220,218
6007519,1787266150,30000,188,16,1500,96,110,118,0,0,0,647,620,30,1,100,0,999,0,-1,-1,0,156,40,0,9,30,0,0,4368,14,-10,212,219,217
6037518,1787266180,29999,183,18,1500,99,95,121,0,0,0,622,590,29,1,100,0,999,0,-1,-1,0,156,21,0,8,29,0,0,4368,14,-10,212,216,214
6067518,1787266210,30000,169,20,1375,82,95,111,0,0,0,605,590,30,1,100,0,1000,0,-1,-1,0,143,21,0,8,30,0,0,4369,0,7,212,207,205
6097518,1787266240,30000,189,18,1500,105,100,122,0,0,0,622,600,30,1,100,0,1000,0,-1,-1,0,156,40,0,8,30,0,0,4367,-50,-26,212,218,217
6127518,1787266270,30000,182,17,1500,101,98,116,0,0,0,611,590,30,1,100,0,1000,0,-1,-1,0,156,21,0,8,30,0,0,4368,87,28,212,218,217
6157520,1787266300,30002,186,20,1500,98,102,120,0,0,0,589,580,30,1,100,0,1000,0,-1,-1,0,156,21,0,8,30,0,0,4369,0,-9,212,219,217
6187519,1787266330,29999,188,17,1500,94,108,121,0,0,0,583,560,30,1,100,0,1000,0,-1,-1,0,156,21,0,8,30,0,0,4349,-323,-154,212,219,217
6217518,1787266360,29999,191,20,1500,96,112,122,0,0,0,593,570,30,1,100,0,1000,0,-1,-1,0,156,21,0,8,30,0,0,4367,14,0,212,219,217
6247518,1787266390,30000,188,18,1500,101,95,126,0,0,0,619,610,29,1,100,0,1000,0,-1,-1,0,156,21,0,8,29,0,0,4368,37,29,212,217,215
6277518,1787266420,30000,195,17,1500,100,109,126,0,0,0,610,600,30,1,100,0,1000,0,-1,-1,0,156,40,0,8,30,0,0,4341,-381,-192,212,218,217
6307519,1787266450,30001,185,19,1375,89,105,123,0,0,0,610,580,30,1,100,0,1000,0,-1,-1,0,143,40,0,8,30,0,0,4369,21,-21,212,206,204
6337518,1787266480,29999,184,17,1500,99,102,116,0,0,0,615,600,30,1,100,0,1000,0,-1,-1,0,156,21,0,8,30,0,0,4368,-81,-68,212,219,217
6367518,1787266510,30000,180,17,1500,89,106,115,0,0,0,621,600,30,1,100,0,1000,0,-1,-1,0,156,21,0,8,30,0,0,4354,-329,-184,212,218,217
6397519,1787266540,30001,189,16,1500,100,107,120,0,0,0,618,600,30,1,100,0,1000,0,-1,-1,0,156,21,0,8,30,0,0,4367,37,32,212,219,217
6427519,1787266570,30000,171,16,1500,94,97,105,0,0,0,608,580,30,1,100,0,1000,0,-1,-1,0,156,21,0,8,30,0,0,4367,-65,-35,212,219,217
6457518,1787266600,29999,178,18,1500,90,100,115,0,0,0,611,600,29,1,100,0,1000,0,-1,-1,0,156,21,0,8,29,0,0,4367,6,7,212,217,215
6487518,1787266630,30000,180,19,1500,89,103,118,0,0,0,637,610,30,1,100,0,1000,0,-1,-1,0,156,21,0,8,30,0,0,4367,-21,-18,212,219,217
6517518,1787266660,30000,173,16,1500,95,93,109,0,0,0,636,610,30,1,100,0,1000,0,-1,-1,0,156,21,0,8,30,0,0,4368,-21,0,212,218,217
6547518,1787266690,30000,183,16,1500,91,104,118,0,0,0,619,590,30,1,100,0,1000,0,-1,-1,0,156,21,0,8,30,0,0,4367,-21,-23,212,219,217
6577518,1787266720,30000,176,19,1500,87,101,115,0,0,0,653,620,30,1,100,0,1000,0,-1,-1,0,156,21,0,8,30,0,0,4367,6,-7,212,219,217
6607519,1787266750,30001,180,20,1500,93,100,118,0,0,0,720,690,30,1,100,0,1000,0,-1,-1,0,156,21,0,8,30,0,0,4367,29,28,212,219,217
6637519,1787266780,30000,193,17,1500,100,102,129,0,0,0,764,750,29,1,100,0,1000,0,-1,-1,0,156,21,0,9,29,0,0,4358,-87,-40,212,217,215
6667518,1787266810,29999,193,20,1500,105,105,123,0,0,0,743,710,30,1,100,0,1000,0,-1,-1,0,156,40,0,8,30,0,0,4366,-21,-12,212,219,217
6697518,1787266840,30000,175,15,1500,86,94,119,0,0,0,713,700,30,1,100,0,1000,0,-1,-1,0,156,21,0,8,30,0,0,4365,37,32,212,218,217
6727518,1787266870,30000,177,18,1500,96,96,113,0,0,0,700,680,30,1,100,0,1000,0,-1,-1,0,156,21,0,8,30,0,0,4366,-50,-18,212,218,217
6757518,1787266900,30000,163,17,1375,88,92,101,0,0,0,676,660,30,1,100,0,1000,0,-1,-1,0,143,21,0,8,30,0,0,4367,-21,-46,212,205,204
6787520,1787266930,30002,189,17,1500,97,104,125,0,0,0,694,670,30,1,100,0,1000,0,-1,-1,0,156,21,0,8,30,0,0,4364,-29,-12,212,219,217
6817518,1787266960,29998,188,18,1500,95,107,121,0,0,0,739,730,30,1,100,0,1000,0,-1,-1,0,156,21,0,8,30,0,0,4367,-14,-15,212,218,217
6847520,1787266990,30002,192,18,1500,97,113,121,0,0,0,740,730,29,1,100,0,1000,0,-1,-1,0,156,21,0,8,29,0,0,4367,57,25,212,217,215
6877520,1787267020,30000,190,18,1500,99,104,124,0,0,0,766,740,30,1,100,0,1000,0,-1,-1,0,156,40,0,8,30,0,0,4365,-37,-7,212,219,217
6907518,1787267050,29998,188,19,1500,95,107,122,0,0,0,726,690,30,1,100,0,1000,0,-1,-1,0,156,21,0,8,30,0,0,4367,-14,-1,212,218,217
6937518,1787267080,30000,179,16,1500,89,103,115,0,0,0,724,700,30,1,100,0,1000,0,-1,-1,0,156,21,0,8,30,0,0,4366,29,0,212,218,217
6967518,1787267110,30000,188,21,1500,87,103,130,0,0,0,760,750,30,1,100,0,1000,0,-1,-1,0,156,21,0,8,30,0,0,4365,-37,-26,212,218,217
6997519,1787267140,30001,174,16,1500,94,93,113,0,0,0,750,720,30,1,100,0,1000,0,-1,-1,0,156,21,0,8,30,0,0,4367,29,9,212,219,217
7027519,1787267170,30000,182,18,1500,97,98,118,0,0,0,733,710,30,1,100,0,1000,0,-1,-1,0,156,21,0,8,30,0,0,4367,-14,-17,212,219,217
7057518,1787267200,29999,175,18,1500,87,97,117,0,0,0,693,670,29,1,100,0,1000,0,-1,-1,0,156,21,0,8,29,0,0,4367,65,39,212,217,215
7087518,1787267230,30000,184,19,1500,96,104,117,0,0,0,665,630,30,1,100,0,1000,0,-1,-1,0,156,21,0,8,30,0,0,4367,-14,-40,212,218,217
7117518,1787267260,30000,186,18,1500,97,101,123,0,0,0,613,600,30,1,100,0,1000,0,-1,-1,0,156,21,0,8,30,0,0,4367,-87,-54,212,218,217
7147518,1787267290,30000,193,18,1500,101,111,120,0,0,0,616,600,30,1,100,0,1000,0,-1,-1,0,156,21,0,8,30,0,0,4367,-65,-35,212,218,217
7177519,1787267320,30001,186,19,1500,93,108,118,0,0,0,606,590,30,1,100,0,1000,0,-1,-1,0,156,21,0,8,30,0,0,4367,-29,-37,212,219,217
7207519,1787267350,30000,179,18,1500,98,102,110,0,0,0,630,600,30,1,100,0,1000,0,-1,-1,0,156,21,0,8,30,0,0,4366,14,-26,212,219,217
7237519,1787267380,30000,183,17,1500,94,102,118,0,0,0,646,630,29,1,100,0,999,0,-1,-1,0,156,21,0,8,29,0,0,4366,-6,-31,212,218,216
7267518,1787267410,29999,192,17,1500,102,105,124,0,0,0,641,620,30,1,100,0,999,0,-1,-1,0,156,40,0,8,30,0,0,4366,6,-25,212,218,217
7297518,1787267440,30000,180,17,1375,88,100,121,0,0,0,653,640,30,1,100,0,999,0,-1,-1,0,143,21,0,8,30,0,0,4366,6,-1,212,206,204
7327518,1787267470,30000,179,19,1500,93,102,113,0,0,0,703,670,30,1,100,0,1000,0,-1,-1,0,156,21,0,8,30,0,0,4366,37,31,212,220,218
7357518,1787267500,30000,197,18,1625,99,102,135,0,0,0,700,660,30,1,100,0,1000,0,-1,-1,0,169,21,0,8,30,0,0,4367,14,9,212,231,230
7387519,1787267530,30001,167,21,1375,91,98,100,0,0,0,646,620,29,1,100,0,1000,0,-1,-1,0,143,21,0,8,29,0,0,4366,-29,-18,212,204,202
7417518,1787267560,29999,173,20,1500,85,98,115,0,0,0,648,640,30,1,100,0,1000,0,-1,-1,0,156,21,0,8,30,0,0,4366,29,-4,212,218,217
7447518,1787267590,30000,184,20,1500,103,97,117,0,0,0,635,610,30,1,100,0,1000,0,-1,-1,0,156,21,0,8,30,0,0,4366,14,-7,212,219,217
7477518,1787267620,30000,189,17,1500,100,103,122,0,0,0,630,610,30,1,100,0,1000,0,-1,-1,0,156,21,0,8,30,0,0,4364,6,0,212,219,217
7507518,1787267650,30000,173,18,1500,90,97,111,0,0,0,622,610,30,1,100,0,1000,0,-1,-1,0,156,21,0,8,30,0,0,4366,-29,-10,212,218,217
7537518,1787267680,30000,190,18,1500,101,100,125,0,0,0,640,620,30,1,100,0,1000,0,-1,-1,0,156,40,0,8,30,0,0,4365,-43,-18,212,219,217
7567518,1787267710,30000,177,17,1500,96,100,109,0,0,0,671,650,30,1,100,0,1000,0,-1,-1,0,156,21,0,9,30,0,0,4365,37,0,212,219,217
7597518,1787267740,30000,184,19,1500,98,109,111,0,0,0,664,630,29,1,100,0,1000,0,-1,-1,0,156,21,0,8,29,0,0,4365,45,12,212,216,215
7627518,1787267770,30000,175,16,1500,91,90,119,0,0,0,634,610,30,1,100,0,1000,0,-1,-1,0,156,21,0,8,30,0,0,4365,6,6,212,219,217
7657518,1787267800,30000,178,18,1500,91,103,113,0,0,0,631,610,30,1,100,0,1000,0,-1,-1,0,156,21,0,8,30,0,0,4366,-29,-26,212,218,217
7687518,1787267830,30000,183,19,1500,95,105,116,0,0,0,624,600,30,1,100,0,1000,0,-1,-1,0,156,21,0,8,30,0,0,4364,-14,-31,212,218,217
7717518,1787267860,30000,188,16,1500,92,108,122,0,0,0,643,620,30,1,100,0,1000,0,-1,-1,0,156,21,0,8,30,0,0,4364,21,7,212,218,217
7747518,1787267890,30000,188,20,1500,93,108,122,0,0,0,671,630,30,1,100,0,1000,0,-1,-1,0,156,21,0,8,30,0,0,4366,-21,-21,212,218,217
7777519,1787267920,30001,165,17,1375,84,92,108,0,0,0,715,700,30,1,100,0,1000,0,-1,-1,0,143,40,0,8,30,0,0,4366,-37,-37,212,206,204
7807518,1787267950,29999,183,17,1500,93,102,120,0,0,0,686,660,29,1,100,0,1000,0,-1,-1,0,156,40,0,8,29,0,0,4365,-95,-53,212,216,215
7837519,1787267980,30001,182,17,1500,97,105,112,0,0,0,711,690,30,1,100,0,1000,0,-1,-1,0,156,40,0,8,30,0,0,4364,-57,-21,212,219,217
7867518,1787268010,29999,191,18,1500,96,111,122,0,0,0,695,640,30,1,100,0,1000,0,-1,-1,0,156,40,0,8,30,0,0,4362,14,-92,212,218,217
7897519,1787268040,30001,180,17,1500,87,102,121,0,0,0,652,640,30,1,100,0,1000,0,-1,-1,0,156,21,0,8,30,0,0,4366,65,46,212,219,217
7927519,1787268070,30000,170,19,1375,87,94,112,0,0,0,660,630,30,1,100,0,1000,0,-1,-1,0,143,21,0,8,30,0,0,4365,37,14,212,206,204
7957519,1787268100,30000,181,19,1500,96,103,113,0,0,0,644,620,30,1,100,0,1000,0,-1,-1,0,156,21,0,8,30,0,0,4367,-29,-4,212,219,217
7987518,1787268130,29999,188,19,1500,98,105,120,0,0,0,647,640,30,1,100,0,1000,0,-1,-1,0,156,21,0,8,30,0,0,4365,65,43,212,218,217
8017518,1787268160,30000,177,22,1500,96,99,110,0,0,0,696,670,29,1,100,0,1000,0,-1,-1,0,156,21,0,8,29,0,0,4365,21,1,212,216,215
8047519,1787268190,30001,183,17,1500,98,104,114,0,0,0,693,670,30,1,100,0,1000,0,-1,-1,0,156,21,0,8,30,0,0,4365,-6,-39,212,219,217
8077520,1787268220,30001,179,19,1500,90,100,117,0,0,0,746,710,30,1,100,0,1000,0,-1,-1,0,156,21,0,8,30,0,0,4365,-29,-35,212,219,217
8107518,1787268250,29998,179,16,1500,91,98,119,0,0,0,800,770,30,1,100,0,1000,0,-1,-1,0,156,21,0,8,30,0,0,4366,-50,-21,212,218,217
8137518,1787268280,30000,187,19,1500,95,105,121,0,0,0,778,750,30,1,100,0,1000,0,-1,-1,0,156,21,0,9,30,0,0,4365,-14,-3,212,219,217
8167518,1787268310,30000,186,20,1500,95,103,121,0,0,0,758,730,30,1,100,0,1000,0,-1,-1,0,156,21,0,8,30,0,0,4365,0,-9,212,219,217
8197519,1787268340,30001,180,16,1500,86,108,115,0,0,0,770,760,30,1,100,0,1000,0,-1,-1,0,156,21,0,8,30,0,0,4365,-242,-129,212,219,217
8227518,1787268370,29999,183,17,1500,90,104,120,0,0,0,786,780,29,1,100,0,1000,0,-1,-1,0,156,21,0,8,29,0,0,4364,-29,-46,212,216,215
8257518,1787268400,30000,173,15,1500,98,97,105,0,0,0,783,770,30,1,100,0,1000,0,-1,-1,0,156,21,0,8,30,0,0,4364,45,18,212,218,217
8287519,1787268430,30001,181,18,1500,91,102,119,0,0,0,747,710,30,1,100,0,1000,0,-1,-1,0,156,21,0,8,30,0,0,4365,37,6,212,219,217
8317519,1787268460,30000,192,19,1500,96,106,127,0,0,0,720,710,30,1,100,0,1000,0,-1,-1,0,156,21,0,8,30,0,0,4366,6,4,212,219,217
8347520,1787268490,30001,175,16,1500,96,96,109,0,0,0,706,670,30,1,100,0,1000,0,-1,-1,0,156,21,0,8,30,0,0,4364,-29,-28,212,219,217
8377518,1787268520,29998,193,21,1500,106,103,124,0,0,0,667,650,30,1,100,0,1000,0,-1,-1,0,156,40,0,8,30,0,0,4365,-6,-17,212,218,217
8407518,1787268550,30000,183,17,1500,95,104,117,0,0,0,653,630,30,1,100,0,1000,0,-1,-1,0,156,21,0,8,30,0,0,4364,-57,-53,212,218,217
8437518,1787268580,30000,183,17,1500,99,100,116,0,0,0,633,610,29,1,100,0,1000,0,-1,-1,0,156,21,0,8,29,0,0,4363,-29,-7,212,216,215
8467519,1787268610,30001,187,17,1500,97,101,123,0,0,0,657,630,30,1,100,0,1000,0,-1,-1,0,156,21,0,8,30,0,0,4364,21,26,212,219,217
8497519,1787268640,30000,190,19,1500,100,105,122,0,0,0,635,590,30,1,100,0,1000,0,-1,-1,0,156,21,0,8,30,0,0,4363,65,40,212,219,217
8527518,1787268670,29999,174,18,1375,90,92,117,0,0,0,643,610,30,1,100,0,1000,0,-1,-1,0,143,21,0,8,30,0,0,4364,6,-12,212,206,204
8557519,1787268700,30001,182,18,1500,100,103,110,0,0,0,665,640,30,1,100,0,1000,0,-1,-1,0,156,21,0,8,30,0,0,4364,-65,-15,212,219,217
8587519,1787268730,30000,200,15,1625,109,115,121,0,0,0,666,630,30,1,100,0,1000,0,-1,-1,0,169,21,0,8,30,0,0,4363,-81,-60,212,232,230
8617518,1787268760,29999,164,18,1375,95,94,95,0,0,0,669,650,29,1,100,0,999,0,-1,-1,0,143,21,0,8,29,0,0,4363,-21,-28,211,205,203
8647518,1787268790,30000,180,17,1500,98,102,111,0,0,0,705,680,30,1,100,0,999,0,-1,-1,0,156,21,0,8,30,0,0,4365,-21,-23,211,218,217
8677518,1787268820,30000,187,19,1500,96,99,126,0,0,0,719,700,30,1,100,0,1000,0,-1,-1,0,156,40,0,8,30,0,0,4365,6,15,211,219,218
8707518,1787268850,30000,187,18,1500,91,108,123,0,0,0,705,690,30,1,100,0,1000,0,-1,-1,0,156,21,0,8,30,0,0,4364,-57,-31,211,219,217
8737518,1787268880,30000,186,18,1500,95,107,118,0,0,0,678,650,29,1,100,0,1000,0,-1,-1,0,156,21,0,8,29,0,0,4364,21,10,211,216,215
8767520,1787268910,30002,181,16,1500,90,99,122,0,0,0,628,600,30,1,100,0,1000,0,-1,-1,0,156,21,0,8,30,0,0,4364,-87,-40,211,219,217
8797518,1787268940,29998,180,16,1500,95,95,118,0,0,0,612,600,30,1,100,0,1000,0,-1,-1,0,156,21,0,8,30,0,0,4365,14,0,211,219,217
8827518,1787268970,30000,178,17,1500,93,102,112,0,0,0,611,580,30,1,100,0,1000,0,-1,-1,0,156,21,0,8,30,0,0,4363,37,10,211,218,217
8857518,1787269000,30000,187,18,1500,93,103,125,0,0,0,608,590,30,1,100,0,1000,0,-1,-1,0,156,21,0,8,30,0,0,4362,-21,-3,211,218,217
8887520,1787269030,30002,181,19,1500,94,99,117,0,0,0,609,590,30,1,100,0,1000,0,-1,-1,0,156,21,0,8,30,0,0,4364,0,-26,211,219,217
8917518,1787269060,29998,177,16,1500,94,97,113,0,0,0,633,600,30,1,100,0,1000,0,-1,-1,0,156,21,0,8,30,0,0,4364,57,26,211,218,217
8947519,1787269090,30001,177,18,1500,96,89,119,0,0,0,640,620,29,1,100,0,1000,0,-1,-1,0,156,21,0,8,29,0,0,4364,37,9,211,217,215
8977518,1787269120,29999,195,17,1500,95,107,131,0,0,0,666,650,30,1,100,0,1000,0,-1,-1,0,156,40,0,8,30,0,0,4363,21,14,211,218,217
9007518,1787269150,30000,179,17,1500,89,102,116,0,0,0,728,700,30,1,100,0,1000,0,-1,-1,0,156,21,0,9,30,0,0,4364,-29,-18,211,219,217
9037518,1787269180,30000,181,18,1500,87,102,121,0,0,0,789,760,30,1,100,0,1000,0,-1,-1,0,156,21,0,9,30,0,0,4364,21,12,211,219,217
9067518,1787269210,30000,178,18,1500,88,103,116,0,0,0,867,830,30,1,100,0,1000,0,-1,-1,0,156,21,0,11,30,0,0,4365,-37,-51,211,218,217
9097518,1787269240,30000,170,17,1375,87,97,109,0,0,0,922,900,30,1,100,0,1000,0,-1,-1,0,143,40,0,10,30,0,0,4364,14,-28,211,206,204
9127518,1787269270,30000,180,17,1500,97,102,111,0,0,0,938,920,30,1,100,0,1000,0,-1,-1,0,156,21,0,10,30,0,0,4364,-21,-32,211,218,217
9157520,1787269300,30002,193,19,1500,101,109,122,0,0,0,933,910,29,1,100,0,1000,0,-1,-1,0,156,21,0,9,29,0,0,4363,0,-9,211,217,215
9187519,1787269330,29999,181,18,1500,90,108,113,0,0,0,910,880,30,1,100,0,1000,0,-1,-1,0,156,21,0,9,30,0,0,4360,-14,-31,211,219,217
9217520,1787269360,30001,186,17,1500,92,106,122,0,0,0,930,920,30,1,100,0,1000,0,-1,-1,0,156,21,0,9,30,0,0,4363,-29,-53,211,219,217
9247519,1787269390,29999,186,18,1500,102,96,123,0,0,0,873,820,30,1,100,0,1000,0,-1,-1,0,156,21,0,8,30,0,0,4364,14,-1,211,219,217
9277518,1787269420,29999,192,17,1500,106,111,115,0,0,0,765,710,30,1,100,0,1000,0,-1,-1,0,156,40,0,8,30,0,0,4364,-57,-25,211,218,217
9307518,1787269450,30000,184,17,1500,93,101,122,0,0,0,698,680,30,1,100,0,1000,0,-1,-1,0,156,21,0,8,30,0,0,4362,-6,1,211,219,217
9337519,1787269480,30001,181,17,1500,93,104,115,0,0,0,715,690,29,1,100,0,1000,0,-1,-1,0,156,21,0,8,29,0,0,4363,6,-6,211,217,215
9367518,1787269510,29999,190,20,1500,98,108,121,0,0,0,705,640,30,1,100,0,1000,0,-1,-1,0,156,21,0,8,30,0,0,4363,14,3,211,218,217
9397519,1787269540,30001,179,17,1500,91,100,117,0,0,0,672,630,30,1,100,0,1000,0,-1,-1,0,156,21,0,8,30,0,0,4362,14,-6,211,219,217
9427519,1787269570,30000,183,19,1500,96,99,120,0,0,0,657,640,30,1,100,0,1000,0,-1,-1,0,156,21,0,8,30,0,0,4362,6,-6,211,219,217
9457518,1787269600,29999,173,20,1375,85,98,114,0,0,0,666,640,30,1,100,0,1000,0,-1,-1,0,143,21,0,8,30,0,0,4362,-29,-25,211,205,204
9487519,1787269630,30001,191,21,1500,97,102,128,0,0,0,694,670,30,1,100,0,1000,0,-1,-1,0,156,21,0,8,30,0,0,4362,-21,-1,211,219,217
9517518,1787269660,29999,189,18,1500,102,102,122,0,0,0,664,630,30,1,100,0,1000,0,-1,-1,0,156,21,0,8,30,0,0,4362,21,-7,211,218,217
9547518,1787269690,30000,183,17,1500,100,93,121,0,0,0,649,630,29,1,100,0,1000,0,-1,-1,0,156,40,0,8,29,0,0,4362,21,1,211,217,215
9577519,1787269720,30001,173,15,1500,95,97,107,0,0,0,685,680,30,1,100,0,1000,0,-1,-1,0,156,21,0,8,30,0,0,4363,0,-21,211,219,217
9607519,1787269750,30000,191,17,1500,94,111,122,0,0,0,686,670,30,1,100,0,1000,0,-1,-1,0,156,40,0,8,30,0,0,4364,57,18,211,219,217
9637518,1787269780,29999,180,21,1500,95,100,116,0,0,0,656,630,30,1,100,0,1000,0,-1,-1,0,156,21,0,8,30,0,0,4362,14,-1,211,218,217
9667519,1787269810,30001,186,16,1500,88,110,121,0,0,0,639,620,30,1,100,0,1000,0,-1,-1,0,156,21,0,8,30,0,0,4363,-14,-15,211,219,217
9697518,1787269840,29999,184,17,1500,95,102,120,0,0,0,638,620,30,1,100,0,1000,0,-1,-1,0,156,21,0,8,30,0,0,4362,-51,-25,211,218,217
9727518,1787269870,30000,186,18,1500,97,99,124,0,0,0,664,640,29,1,100,0,1000,0,-1,-1,0,156,21,0,8,29,0,0,4363,14,-10,211,216,215
9757519,1787269900,30001,189,19,1500,103,104,119,0,0,0,640,600,30,1,100,0,1000,0,-1,-1,0,156,21,0,8,30,0,0,4363,-57,-35,211,219,217
9787518,1787269930,29999,191,19,1500,95,105,127,0,0,0,644,600,30,1,100,0,1000,0,-1,-1,0,156,21,0,8,30,0,0,4357,-123,-89,211,218,217
9817519,1787269960,30001,180,19,1500,98,97,115,0,0,0,655,640,30,1,100,0,999,0,-1,-1,0,156,21,0,8,30,0,0,4361,-65,-62,211,220,218
9847518,1787269990,29999,181,19,1500,95,101,115,0,0,0,633,610,30,1,100,0,999,0,-1,-1,0,156,21,0,8,30,0,0,4361,-43,-25,211,218,217
9877520,1787270020,30002,177,18,1500,97,101,108,0,0,0,629,610,29,1,100,0,999,0,-1,-1,0,156,21,0,8,29,0,0,4361,73,25,211,217,215
9907518,1787270050,29998,180,21,1375,92,99,118,0,0,0,627,610,30,1,100,0,1000,0,-1,-1,0,143,40,0,8,30,0,0,4362,-57,-46,211,207,205
9937518,1787270080,30000,179,18,1500,97,97,115,0,0,0,621,600,30,1,100,0,1000,0,-1,-1,0,156,21,0,8,30,0,0,4362,-57,-60,211,218,217
9967519,1787270110,30001,184,20,1500,94,101,122,0,0,0,640,630,30,1,100,0,1000,0,-1,-1,0,156,21,0,9,30,0,0,4363,6,0,211,219,217
9997518,1787270140,29999,183,20,1500,96,101,119,0,0,0,653,640,30,1,100,0,1000,0,-1,-1,0,156,21,0,8,30,0,0,4363,14,15,211,219,217
10027518,1787270170,30000,191,24,1500,90,108,129,0,0,0,675,650,30,1,100,0,1000,0,-1,-1,0,156,40,0,8,30,0,0,4362,-57,-26,211,219,217
10057521,1787270200,30003,176,15,1500,80,106,115,0,0,0,678,650,29,1,100,0,1000,0,-1,-1,0,156,21,0,8,29,0,0,4362,-29,-26,211,217,215
10087519,1787270230,29998,181,17,1500,98,93,119,0,0,0,692,670,30,1,100,0,1000,0,-1,-1,0,156,21,0,8,30,0,0,4363,-37,-48,211,219,217
10117518,1787270260,29999,182,17,1500,95,97,121,0,0,0,669,640,30,1,100,0,1000,0,-1,-1,0,156,21,0,8,30,0,0,4362,59,3,211,218,217
10147519,1787270290,30001,176,18,1500,93,103,107,0,0,0,671,650,30,1,100,0,1000,0,-1,-1,0,156,21,0,8,30,0,0,4363,14,-9,211,219,217
10177518,1787270320,29999,192,19,1500,104,106,121,0,0,0,682,670,30,1,100,0,1000,0,-1,-1,0,156,21,0,8,30,0,0,4362,-37,-29,211,219,217
10207518,1787270350,30000,180,19,1500,93,105,112,0,0,0,702,680,30,1,100,0,1000,0,-1,-1,0,156,21,0,8,30,0,0,4362,14,10,211,218,217
10237518,1787270380,30000,186,22,1500,97,102,121,0,0,0,683,660,30,1,100,0,1000,0,-1,-1,0,156,21,0,8,30,0,0,4360,-14,-35,211,218,217
10267518,1787270410,30000,191,17,1500,98,109,121,0,0,0,627,600,29,1,100,0,1000,0,-1,-1,0,156,21,0,8,29,0,0,4359,-14,-18,211,216,215
10297518,1787270440,30000,188,19,1500,97,105,121,0,0,0,622,610,30,1,100,0,1000,0,-1,-1,0,156,21,0,8,30,0,0,4361,21,7,211,219,217
10327518,1787270470,30000,191,22,1500,95,112,123,0,0,0,662,630,30,1,100,0,1000,0,-1,-1,0,156,21,0,8,30,0,0,4362,29,14,211,218,217
10357518,1787270500,30000,181,18,1500,94,98,118,0,0,0,696,670,30,1,100,0,1000,0,-1,-1,0,156,21,0,8,30,0,0,4361,29,-9,211,218,217
10387518,1787270530,30000,164,15,1375,90,86,107,0,0,0,752,720,30,1,100,0,1000,0,-1,-1,0,143,21,0,8,30,0,0,4360,-21,-17,211,205,204
10417519,1787270560,30001,176,20,1500,96,96,111,0,0,0,741,720,30,1,100,0,1000,0,-1,-1,0,156,21,0,8,30,0,0,4361,-43,-45,211,219,217
10447519,1787270590,30000,174,16,1500,94,95,111,0,0,0,719,700,30,1,100,0,1000,0,-1,-1,0,156,21,0,8,30,0,0,4361,45,18,211,219,217
10477518,1787270620,29999,176,17,1500,87,101,115,0,0,0,711,700,29,1,100,0,1000,0,-1,-1,0,156,21,0,8,29,0,0,4362,-21,-37,211,217,215
10507518,1787270650,30000,195,21,1500,100,111,125,0,0,0,706,670,30,1,100,0,1000,0,-1,-1,0,156,40,0,8,30,0,0,4361,51,15,211,218,217
10537519,1787270680,30001,189,17,1500,87,108,128,0,0,0,674,640,30,1,100,0,1000,0,-1,-1,0,156,21,0,8,30,0,0,4361,14,0,211,219,217
10567518,1787270710,29999,175,16,1500,94,102,106,0,0,0,649,640,30,1,100,0,1000,0,-1,-1,0,156,21,0,8,30,0,0,4362,-37,-62,211,219,217
10597518,1787270740,30000,176,16,1500,96,97,111,0,0,0,669,650,30,1,100,0,1000,0,-1,-1,0,156,21,0,8,30,0,0,4362,59,-29,211,219,217
10627518,1787270770,30000,184,18,1500,93,104,119,0,0,0,655,630,30,1,100,0,1000,0,-1,-1,0,156,21,0,8,30,0,0,4362,29,15,211,218,217
10657518,1787270800,30000,183,19,1500,92,92,128,0,0,0,650,640,30,1,100,0,1000,0,-1,-1,0,156,21,0,8,30,0,0,4360,0,-6,211,219,217
10687518,1787270830,30000,183,18,1500,93,104,118,0,0,0,651,620,29,1,100,0,1000,0,-1,-1,0,156,21,0,8,29,0,0,4360,37,14,211,217,215
10717518,1787270860,30000,185,18,1500,101,101,117,0,0,0,646,620,30,1,100,0,1000,0,-1,-1,0,156,21,0,8,30,0,0,4356,-43,-25,211,219,217
10747519,1787270890,30001,179,18,1500,98,93,117,0,0,0,690,660,30,1,100,0,1000,0,-1,-1,0,156,21,0,8,30,0,0,4361,0,7,211,219,217
10777518,1787270920,29999,176,17,1500,95,99,109,0,0,0,715,710,30,1,100,0,1000,0,-1,-1,0,156,21,0,8,30,0,0,4363,-43,-32,211,218,217
10807518,1787270950,30000,197,17,1500,103,112,124,0,0,0,730,710,30,1,100,0,1000,0,-1,-1,0,156,40,0,8,30,0,0,4361,6,-1,211,218,217
10837518,1787270980,30000,188,18,1500,102,100,121,0,0,0,671,640,30,1,100,0,1000,0,-1,-1,0,156,21,0,8,30,0,0,4361,51,-1,211,218,217
10867519,1787271010,30001,178,18,1500,90,94,121,0,0,0,632,610,29,1,100,0,999,0,-1,-1,0,156,21,0,8,29,0,0,4362,0,-4,210,218,216
10897519,1787271040,30000,180,15,1500,96,94,119,0,0,0,639,610,30,1,100,0,999,0,-1,-1,0,156,21,0,8,30,0,0,4360,51,26,210,219,217
10927518,1787271070,29999,158,17,1375,79,89,102,0,0,0,683,660,30,1,100,0,999,0,-1,-1,0,143,21,0,8,30,0,0,4360,-73,-64,210,206,204
10957519,1787271100,30001,198,20,1625,104,115,122,0,0,0,715,700,30,1,100,0,999,0,-1,-1,0,169,21,0,8,30,0,0,4361,6,6,210,232,230
10987519,1787271130,30000,184,20,1500,101,96,118,0,0,0,755,730,30,1,100,0,999,0,-1,-1,0,156,21,0,8,30,0,0,4361,-29,-7,210,219,217
11017520,1787271160,30001,169,18,1375,89,91,110,0,0,0,778,750,29,1,100,0,1000,0,-1,-1,0,143,21,0,10,29,0,0,4362,0,-4,210,205,203
11047519,1787271190,29999,188,17,1500,99,103,122,0,0,0,786,770,30,1,100,0,1000,0,-1,-1,0,156,21,0,9,30,0,0,4361,-95,-101,210,219,217
11077518,1787271220,29999,183,18,1500,87,108,118,0,0,0,757,740,30,1,100,0,1000,0,-1,-1,0,156,21,0,8,30,0,0,4361,0,-3,210,218,217
11107518,1787271250,30000,195,18,1500,94,107,132,0,0,0,768,750,30,1,100,0,1000,0,-1,-1,0,156,40,0,9,30,0,0,4361,-37,-9,210,218,217
11137518,1787271280,30000,182,15,1500,89,114,111,0,0,0,747,710,30,1,100,0,1000,0,-1,-1,0,156,21,0,8,30,0,0,4360,59,21,210,218,217
11167518,1787271310,30000,197,21,1500,106,114,121,0,0,0,697,670,30,1,100,0,1000,0,-1,-1,0,156,21,0,8,30,0,0,4360,6,-1,210,219,217
11197518,1787271340,30000,188,23,1500,99,99,125,0,0,0,691,670,29,1,100,0,1000,0,-1,-1,0,156,21,0,8,29,0,0,4360,-6,-6,210,216,215
11227518,1787271370,30000,191,17,1500,101,111,117,0,0,0,706,690,30,1,100,0,1000,0,-1,-1,0,156,40,0,8,30,0,0,4359,0,1,210,218,217
11257518,1787271400,30000,176,15,1500,95,97,111,0,0,0,728,710,30,1,100,0,1000,0,-1,-1,0,156,21,0,8,30,0,0,4360,0,-28,210,219,217
11287520,1787271430,30002,172,20,1375,86,94,114,0,0,0,743,730,30,1,100,0,1000,0,-1,-1,0,143,21,0,8,30,0,0,4360,-117,-87,210,206,204
11317518,1787271460,29998,182,18,1500,90,106,117,0,0,0,746,730,30,1,100,0,1000,0,-1,-1,0,156,21,0,8,30,0,0,4357,-182,-96,210,218,217
11347518,1787271490,30000,193,17,1500,99,107,126,0,0,0,763,750,30,1,100,0,1000,0,-1,-1,0,156,21,0,9,30,0,0,4359,-29,-7,210,219,217
11377518,1787271520,30000,187,18,1500,89,104,126,0,0,0,785,760,30,1,100,0,1000,0,-1,-1,0,156,21,0,8,30,0,0,4360,-21,-3,210,219,217
11407519,1787271550,30001,190,20,1500,91,117,118,0,0,0,767,750,29,1,100,0,1000,0,-1,-1,0,156,21,0,8,29,0,0,4361,-14,-26,210,217,215
11437518,1787271580,29999,174,17,1500,90,97,113,0,0,0,745,730,30,1,100,0,1000,0,-1,-1,0,156,21,0,8,30,0,0,4357,-57,-35,210,218,217
11467519,1787271610,30001,183,18,1500,95,99,121,0,0,0,764,750,30,1,100,0,1000,0,-1,-1,0,156,21,0,8,30,0,0,4360,-37,-34,210,219,217
11497518,1787271640,29999,181,21,1500,100,97,115,0,0,0,744,730,30,1,100,0,1000,0,-1,-1,0,156,21,0,8,30,0,0,4360,-57,-43,210,219,217
11527518,1787271670,30000,183,19,1500,93,91,128,0,0,0,702,670,30,1,100,0,1000,0,-1,-1,0,156,21,0,8,30,0,0,4359,-14,-32,210,218,217
11557518,1787271700,30000,194,19,1500,99,102,132,0,0,0,650,630,30,1,100,0,1000,0,-1,-1,0,156,40,0,8,30,0,0,4359,6,15,210,218,217
11587518,1787271730,30000,176,16,1500,86,97,117,0,0,0,681,650,29,1,100,0,999,0,-1,-1,0,156,21,0,8,29,0,0,4359,-37,-40,210,217,216
11617518,1787271760,30000,169,16,1500,92,94,106,0,0,0,736,710,30,1,100,0,999,0,-1,-1,0,156,21,0,10,30,0,0,4361,-37,-26,210,218,217
11647519,1787271790,30001,185,17,1500,93,105,120,0,0,0,727,710,30,1,100,0,999,0,-1,-1,0,156,21,0,8,30,0,0,4358,21,-3,210,219,217
11677519,1787271820,30000,188,20,1500,85,104,130,0,0,0,735,720,30,1,100,0,999,0,-1,-1,0,156,21,0,9,30,0,0,4360,-51,-28,210,219,217
11707518,1787271850,29999,192,18,1500,93,105,130,0,0,0,710,690,30,1,100,0,999,0,-1,-1,0,156,40,0,8,30,0,0,4359,21,-4,210,218,217
11737518,1787271880,30000,182,19,1375,94,96,122,0,0,0,694,660,29,1,100,0,999,0,-1,-1,0,143,40,0,8,29,0,0,4357,-21,-9,210,203,202
11767518,1787271910,30000,186,20,1500,89,104,126,0,0,0,628,610,30,1,100,0,999,0,-1,-1,0,156,21,0,8,30,0,0,4359,6,-3,210,218,217
11797518,1787271940,30000,181,19,1500,88,96,126,0,0,0,628,610,30,1,100,0,999,0,-1,-1,0,156,21,0,8,30,0,0,4360,-43,-15,210,218,217
11827518,1787271970,30000,175,16,1500,86,98,117,0,0,0,612,600,30,1,100,0,999,0,-1,-1,0,156,21,0,8,30,0,0,4359,21,1,210,219,217
11857518,1787272000,30000,193,18,1500,100,109,124,0,0,0,622,610,30,1,100,0,999,0,-1,-1,0,156,40,0,8,30,0,0,4359,21,1,210,217,216
11887519,1787272030,30001,182,18,1500,91,105,117,0,0,0,614,600,30,1,100,0,999,0,-1,-1,0,156,21,0,8,30,0,0,4359,59,21,210,219,217
11917518,1787272060,29999,183,18,1500,89,104,121,0,0,0,623,600,30,1,100,0,999,0,-1,-1,0,156,21,0,8,30,0,0,4360,0,-9,210,218,217
11947518,1787272090,30000,191,17,1500,92,116,120,0,0,0,654,640,29,1,100,0,999,0,-1,-1,0,156,21,0,9,29,0,0,4359,-14,-20,210,216,215
11977518,1787272120,30000,183,16,1500,89,109,116,0,0,0,715,680,30,1,100,0,999,0,-1,-1,0,156,21,0,8,30,0,0,4359,29,6,210,219,217
12007518,1787272150,30000,175,16,1500,87,97,116,0,0,0,756,740,30,1,100,0,999,0,-1,-1,0,156,21,0,8,30,0,0,4360,-14,-17,210,218,217
12037519,1787272180,30001,184,17,1500,98,106,114,0,0,0,773,760,30,1,100,0,999,0,-1,-1,0,156,21,0,10,30,0,0,4357,14,3,210,219,217
12067519,1787272210,30000,184,18,1500,95,106,117,0,0,0,768,730,30,1,100,0,1000,0,-1,-1,0,156,40,0,8,30,0,0,4358,-37,-23,210,220,218
12097519,1787272240,30000,174,18,1375,85,91,121,0,0,0,744,720,30,1,100,0,1000,0,-1,-1,0,143,40,0,9,30,0,0,4359,-21,-29,210,206,204
12127518,1787272270,29999,191,22,1500,93,106,129,0,0,0,693,640,29,1,100,0,1000,0,-1,-1,0,156,21,0,8,29,0,0,4359,-73,-32,210,217,215
12157518,1787272300,30000,188,17,1500,102,105,118,0,0,0,642,630,30,1,100,0,1000,0,-1,-1,0,156,21,0,8,30,0,0,4359,-87,-59,210,218,217
12187518,1787272330,30000,177,18,1500,94,101,112,0,0,0,643,620,30,1,100,0,1000,0,-1,-1,0,156,21,0,8,30,0,0,4358,29,4,210,218,217
12217518,1787272360,30000,177,17,1500,93,99,112,0,0,0,646,620,30,1,100,0,1000,0,-1,-1,0,156,21,0,8,30,0,0,4359,37,29,210,219,217
12247519,1787272390,30001,188,19,1500,95,106,122,0,0,0,646,620,30,1,100,0,1000,0,-1,-1,0,156,21,0,8,30,0,0,4355,-21,-28,210,219,217
12277519,1787272420,30000,180,21,1500,96,98,115,0,0,0,640,620,30,1,100,0,1000,0,-1,-1,0,156,21,0,8,30,0,0,4358,-14,-12,210,219,217
12307518,1787272450,29999,183,17,1500,97,91,125,0,0,0,633,590,30,1,100,0,1000,0,-1,-1,0,156,21,0,8,30,0,0,4358,6,20,210,218,217
12337518,1787272480,30000,191,18,1500,102,98,128,0,0,0,641,610,29,1,100,0,1000,0,-1,-1,0,156,21,0,8,29,0,0,4359,0,9,210,216,215
12367518,1787272510,30000,183,18,1500,95,103,118,0,0,0,626,610,30,1,100,0,1000,0,-1,-1,0,156,40,0,8,30,0,0,4358,87,32,210,218,217
12397519,1787272540,30001,179,18,1500,92,98,117,0,0,0,626,610,30,1,100,0,1000,0,-1,-1,0,156,40,0,8,30,0,0,4358,-29,-17,210,219,217
12427518,1787272570,29999,168,17,1375,88,89,110,0,0,0,653,630,30,1,100,0,1000,0,-1,-1,0,143,40,0,8,30,0,0,4357,-21,-7,210,206,204
12457518,1787272600,30000,176,18,1500,89,103,112,0,0,0,686,650,30,1,100,0,1000,0,-1,-1,0,156,21,0,8,30,0,0,4358,-29,-25,210,218,217
12487519,1787272630,30001,182,18,1500,97,106,111,0,0,0,740,720,30,1,100,0,1000,0,-1,-1,0,156,40,0,8,30,0,0,4358,0,-9,210,219,217
12517518,1787272660,29999,193,19,1500,100,99,132,0,0,0,740,730,30,1,100,0,1000,0,-1,-1,0,156,21,0,8,30,0,0,4356,14,10,210,219,217
12547520,1787272690,30002,191,16,1500,97,104,127,0,0,0,775,750,29,1,100,0,1000,0,-1,-1,0,156,21,0,8,29,0,0,4358,14,25,210,217,215
12577519,1787272720,29999,182,18,1500,95,98,120,0,0,0,809,790,30,1,100,0,1000,0,-1,-1,0,156,21,0,8,30,0,0,4358,-37,-40,210,219,217
12607518,1787272750,29999,179,16,1500,98,88,121,0,0,0,757,740,30,1,100,0,1000,0,-1,-1,0,156,21,0,8,30,0,0,4358,-73,-42,210,218,217
12637518,1787272780,30000,177,17,1500,92,100,113,0,0,0,789,770,30,1,100,0,1000,0,-1,-1,0,156,21,0,9,30,0,0,4356,21,20,210,219,217
12667518,1787272810,30000,186,19,1500,96,107,118,0,0,0,782,760,30,1,100,0,1000,0,-1,-1,0,156,40,0,8,30,0,0,4357,6,15,210,218,217
12697518,1787272840,30000,174,18,1375,87,97,115,0,0,0,741,720,30,1,100,0,1000,0,-1,-1,0,143,40,0,9,30,0,0,4358,-14,-18,210,205,204
12727518,1787272870,30000,177,23,1500,93,97,114,0,0,0,664,630,30,1,100,0,1000,0,-1,-1,0,156,40,0,8,30,0,0,4358,-14,-3,210,218,217
12757518,1787272900,30000,183,17,1500,92,104,118,0,0,0,629,610,29,1,100,0,1000,0,-1,-1,0,156,21,0,8,29,0,0,4358,-57,-50,210,216,215
12787518,1787272930,30000,197,18,1500,98,115,125,0,0,0,651,640,30,1,100,0,1000,0,-1,-1,0,156,40,0,8,30,0,0,4357,0,-1,210,218,217
12817518,1787272960,30000,187,20,1500,94,101,126,0,0,0,651,630,30,1,100,0,1000,0,-1,-1,0,156,21,0,8,30,0,0,4358,0,-10,210,218,217
12847520,1787272990,30002,184,18,1500,100,94,123,0,0,0,660,620,30,1,100,0,1000,0,-1,-1,0,156,21,0,9,30,0,0,4358,6,0,210,219,217
12877518,1787273020,29998,190,18,1500,96,99,130,0,0,0,622,600,30,1,100,0,1000,0,-1,-1,0,156,21,0,8,30,0,0,4357,-6,-10,210,218,217
12907520,1787273050,30002,181,16,1500,94,103,116,0,0,0,623,600,30,1,100,0,999,0,-1,-1,0,156,21,0,8,30,0,0,4356,-73,-43,209,220,218
12937518,1787273080,29998,176,16,1500,93,97,114,0,0,0,629,600,29,1,100,0,999,0,-1,-1,0,156,21,0,8,29,0,0,4358,-51,-45,209,217,215
12967519,1787273110,30001,187,17,1500,94,107,121,0,0,0,611,600,30,1,100,0,1000,0,-1,-1,0,156,40,0,8,30,0,0,4357,-29,-1,209,220,218
12997518,1787273140,29999,167,18,1375,87,92,108,0,0,0,622,610,30,1,100,0,1000,0,-1,-1,0,143,40,0,8,30,0,0,4357,45,-17,209,206,204
13027518,1787273170,30000,185,18,1500,94,105,119,0,0,0,629,610,30,1,100,0,1000,0,-1,-1,0,156,40,0,8,30,0,0,4357,-21,-57,209,218,217
13057518,1787273200,30000,180,20,1500,95,97,117,0,0,0,670,630,30,1,100,0,1000,0,-1,-1,0,156,21,0,8,30,0,0,4358,-21,-18,209,218,217
13087518,1787273230,30000,180,19,1500,96,98,116,0,0,0,746,700,30,1,100,0,1000,0,-1,-1,0,156,21,0,8,30,0,0,4356,29,-21,209,219,217
13117519,1787273260,30001,180,20,1500,89,101,119,0,0,0,760,740,29,1,100,0,1000,0,-1,-1,0,156,21,0,8,29,0,0,4356,-14,-3,209,217,215
13147518,1787273290,29999,186,20,1500,100,104,117,0,0,0,728,690,30,1,100,0,1000,0,-1,-1,0,156,21,0,8,30,0,0,4357,-21,-18,209,218,217
13177520,1787273320,30002,184,19,1500,87,103,125,0,0,0,660,640,30,1,100,0,1000,0,-1,-1,0,156,21,0,8,30,0,0,4357,-6,-78,209,219,217
13207518,1787273350,29998,183,17,1500,93,105,118,0,0,0,635,620,30,1,100,0,1000,0,-1,-1,0,156,21,0,8,30,0,0,4357,6,-12,209,218,217
13237518,1787273380,30000,180,17,1500,85,99,123,0,0,0,630,610,30,1,100,0,1000,0,-1,-1,0,156,21,0,8,30,0,0,4357,45,21,209,218,217
13267518,1787273410,30000,187,18,1500,95,101,125,0,0,0,639,620,30,1,100,0,1000,0,-1,-1,0,156,40,0,8,30,0,0,4358,-81,-162,209,218,217
13297518,1787273440,30000,185,17,1500,98,97,123,0,0,0,636,610,30,1,100,0,1000,0,-1,-1,0,156,21,0,8,30,0,0,4357,65,20,209,218,217
13327518,1787273470,30000,184,21,1500,97,100,120,0,0,0,641,630,30,1,100,0,1000,0,-1,-1,0,156,21,0,8,30,0,0,4357,-51,-32,209,218,217
13357518,1787273500,30000,183,22,1500,94,100,121,0,0,0,639,620,29,1,100,0,1000,0,-1,-1,0,156,21,0,8,29,0,0,4356,37,-150,209,217,215
13387519,1787273530,30001,184,19,1500,92,101,122,0,0,0,632,600,30,1,100,0,1000,0,-1,-1,0,156,21,0,8,30,0,0,4356,-29,-42,209,219,217
13417519,1787273560,30000,202,19,1500,90,110,143,0,0,0,627,620,30,1,100,0,1000,0,-1,-1,0,156,21,0,8,30,0,0,4358,-118,-57,209,219,217
13447518,1787273590,29999,181,18,1500,92,105,115,0,0,0,641,630,30,1,100,0,999,0,-1,-1,0,156,21,0,8,30,0,0,4356,59,-82,209,220,218
13477518,1787273620,30000,179,17,1500,99,93,115,0,0,0,665,630,30,1,100,0,999,0,-1,-1,0,156,21,0,8,30,0,0,4356,29,14,209,219,217
13507518,1787273650,30000,173,16,1375,93,94,112,0,0,0,711,700,29,1,100,0,1000,0,-1,-1,0,143,21,0,8,29,0,0,4355,-29,-32,209,204,203
13537519,1787273680,30001,189,18,1500,102,105,119,0,0,0,645,600,30,1,100,0,1000,0,-1,-1,0,156,21,0,9,30,0,0,4357,-73,-42,209,219,217
13567519,1787273710,30000,198,21,1500,99,116,125,0,0,0,610,590,30,1,100,0,1000,0,-1,-1,0,156,40,0,8,30,0,0,4356,-57,-64,209,219,217
13597518,1787273740,29999,176,17,1500,94,96,112,0,0,0,666,620,30,1,100,0,1000,0,-1,-1,0,156,21,0,8,30,0,0,4355,-29,-15,209,219,217
13627519,1787273770,30001,194,18,1500,96,98,136,0,0,0,727,700,30,1,100,0,1000,0,-1,-1,0,156,21,0,8,30,0,0,4357,-103,-54,209,219,217
13657519,1787273800,30000,192,19,1500,90,106,132,0,0,0,710,680,29,1,100,0,1000,0,-1,-1,0,156,21,0,9,29,0,0,4357,-57,-34,209,217,215
13687518,1787273830,29999,180,18,1500,90,102,118,0,0,0,720,690,30,1,100,0,1000,0,-1,-1,0,156,21,0,8,30,0,0,4354,-65,-31,209,219,217
13717519,1787273860,30001,183,22,1500,92,104,119,0,0,0,737,730,30,1,100,0,1000,0,-1,-1,0,156,21,0,8,30,0,0,4355,-6,-14,209,219,217
13747518,1787273890,29999,183,19,1500,89,107,119,0,0,0,764,750,30,1,100,0,1000,0,-1,-1,0,156,21,0,8,30,0,0,4356,-37,-39,209,218,217
13777518,1787273920,30000,180,17,1500,89,106,114,0,0,0,752,720,30,1,100,0,1000,0,-1,-1,0,156,21,0,8,30,0,0,4355,-43,-14,209,219,217
13807518,1787273950,30000,188,17,1500,96,102,125,0,0,0,715,690,30,1,100,0,1000,0,-1,-1,0,156,21,0,8,30,0,0,4355,-14,4,209,218,217
13837518,1787273980,30000,184,17,1500,93,108,115,0,0,0,696,680,30,1,100,0,1000,0,-1,-1,0,156,21,0,8,30,0,0,4356,21,-7,209,218,217
13867518,1787274010,30000,159,16,1375,80,91,103,0,0,0,715,700,29,1,100,0,1000,0,-1,-1,0,143,40,0,8,29,0,0,4354,-14,7,209,203,202
13897519,1787274040,30001,178,15,1500,97,101,111,0,0,0,725,700,30,1,100,0,1000,0,-1,-1,0,156,21,0,8,30,0,0,4356,51,17,209,219,217
13927519,1787274070,30000,186,17,1500,107,94,119,0,0,0,663,630,30,1,100,0,1000,0,-1,-1,0,156,21,0,8,30,0,0,4355,-51,-31,209,219,217
13957518,1787274100,29999,181,18,1500,93,101,117,0,0,0,659,630,30,1,100,0,1000,0,-1,-1,0,156,21,0,8,30,0,0,4354,-6,-32,209,218,217
13987518,1787274130,30000,194,21,1500,92,112,128,0,0,0,689,670,30,1,100,0,1000,0,-1,-1,0,156,40,0,8,30,0,0,4349,0,-6,209,219,217
14017518,1787274160,30000,181,17,1500,96,98,118,0,0,0,689,650,30,1,100,0,1000,0,-1,-1,0,156,21,0,8,30,0,0,4356,-6,-25,209,219,217
14047518,1787274190,30000,190,20,1500,101,103,123,0,0,0,633,610,30,1,100,0,1000,0,-1,-1,0,156,21,0,8,30,0,0,4357,21,12,209,218,217
14077519,1787274220,30001,188,21,1500,93,97,131,0,0,0,678,640,29,1,100,0,1000,0,-1,-1,0,156,21,0,8,29,0,0,4356,-21,-3,209,217,215
14107519,1787274250,30000,185,17,1500,97,108,115,0,0,0,744,710,30,1,100,0,1000,0,-1,-1,0,156,21,0,8,30,0,0,4355,-6,-10,209,219,217
14137518,1787274280,29999,182,17,1500,99,100,114,0,0,0,774,760,30,1,100,0,1000,0,-1,-1,0,156,21,0,8,30,0,0,4356,-57,-56,209,219,217
14167518,1787274310,30000,190,24,1500,100,104,122,0,0,0,746,720,30,1,100,0,1000,0,-1,-1,0,156,40,0,8,30,0,0,4355,-95,-67,209,218,217
14197519,1787274340,30001,185,17,1500,99,98,121,0,0,0,701,680,30,1,100,0,1000,0,-1,-1,0,156,21,0,8,30,0,0,4354,-14,-10,209,219,217
14227519,1787274370,30000,181,18,1500,94,105,113,0,0,0,681,630,30,1,100,0,1000,0,-1,-1,0,156,21,0,8,30,0,0,4355,-21,-9,209,219,217
14257518,1787274400,29999,180,18,1500,97,100,114,0,0,0,631,620,29,1,100,0,1000,0,-1,-1,0,156,21,0,8,29,0,0,4354,-176,-90,209,217,215
14287518,1787274430,30000,176,19,1375,93,101,111,0,0,0,671,640,30,1,100,0,1000,0,-1,-1,0,143,40,0,8,30,0,0,4355,-6,-17,209,205,204
14317518,1787274460,30000,188,18,1500,96,105,123,0,0,0,683,670,30,1,100,0,1000,0,-1,-1,0,156,21,0,8,30,0,0,4356,-14,-15,209,218,217
14347518,1787274490,30000,182,18,1500,85,108,118,0,0,0,710,690,30,1,100,0,1000,0,-1,-1,0,156,21,0,8,30,0,0,4357,-29,-12,209,219,217
14377518,1787274520,30000,194,20,1500,103,103,127,0,0,0,735,710,30,1,100,0,1000,0,-1,-1,0,156,21,0,8,30,0,0,4354,-29,-9,209,219,217
14407519,1787274550,30001,186,16,1500,91,113,115,0,0,0,711,680,30,1,100,0,1000,0,-1,-1,0,156,21,0,8,30,0,0,4356,-29,-25,209,219,217
14437518,1787274580,29999,185,17,1500,98,98,121,0,0,0,731,720,30,1,100,0,1000,0,-1,-1,0,156,21,0,8,30,0,0,4353,45,6,209,218,217
14467518,1787274610,30000,184,18,1500,94,106,116,0,0,0,686,670,29,1,100,0,1000,0,-1,-1,0,156,40,0,8,29,0,0,4354,-43,-40,209,216,215
14497518,1787274640,30000,170,17,1500,88,99,107,0,0,0,666,650,30,1,100,0,1000,0,-1,-1,0,156,21,0,8,30,0,0,4356,-6,-9,209,219,217
14527519,1787274670,30001,188,17,1500,93,106,123,0,0,0,615,570,30,1,100,0,1000,0,-1,-1,0,156,21,0,8,30,0,0,4355,-43,-14,209,219,217
14557518,1787274700,29999,179,16,1500,95,102,111,0,0,0,564,530,30,1,100,0,1000,0,-1,-1,0,156,21,0,8,30,0,0,4353,-21,-10,209,219,217
14587519,1787274730,30001,189,25,1500,92,109,124,0,0,0,547,520,30,1,100,0,1000,0,-1,-1,0,156,40,0,8,30,0,0,4356,-14,-25,209,219,217
14617519,1787274760,30000,184,21,1500,99,100,118,0,0,0,533,510,30,1,100,0,1000,0,-1,-1,0,156,21,0,8,30,0,0,4355,-37,-34,209,219,217
14647518,1787274790,29999,186,18,1500,97,101,121,0,0,0,534,510,30,1,100,0,1000,0,-1,-1,0,156,21,0,8,30,0,0,4356,21,15,209,218,217
14677518,1787274820,30000,166,18,1375,89,87,110,0,0,0,537,510,29,1,100,0,1000,0,-1,-1,0,143,21,0,8,29,0,0,4355,0,-7,209,203,202
14707518,1787274850,30000,185,18,1500,96,105,117,0,0,0,530,510,30,1,100,0,1000,0,-1,-1,0,156,21,0,8,30,0,0,4354,6,-7,209,219,217
14737519,1787274880,30001,197,20,1500,102,118,120,0,0,0,529,510,30,1,100,0,1000,0,-1,-1,0,156,21,0,8,30,0,0,4354,29,1,209,219,217
14767518,1787274910,29999,182,18,1500,93,98,121,0,0,0,536,520,30,1,100,0,1000,0,-1,-1,0,156,21,0,8,30,0,0,4356,-43,-18,209,218,217
14797518,1787274940,30000,183,17,1500,97,96,121,0,0,0,537,510,30,1,100,0,1000,0,-1,-1,0,156,21,0,8,30,0,0,4355,-29,-12,209,218,217
14827518,1787274970,30000,195,17,1500,101,119,116,0,0,0,531,510,30,1,100,0,1000,0,-1,-1,0,156,21,0,8,30,0,0,4354,-43,-28,209,218,217
14857518,1787275000,30000,177,18,1500,95,98,113,0,0,0,537,520,30,1,100,0,1000,0,-1,-1,0,156,21,0,8,30,0,0,4353,-21,-17,209,218,217
14887518,1787275030,30000,190,17,1500,93,104,129,0,0,0,528,500,29,1,100,0,1000,0,-1,-1,0,156,40,0,8,29,0,0,4353,-6,21,209,216,215
14917519,1787275060,30001,175,18,1500,91,100,110,0,0,0,527,520,30,1,100,0,1000,0,-1,-1,0,156,21,0,8,30,0,0,4355,6,-23,209,219,217
14947518,1787275090,29999,178,17,1500,93,99,115,0,0,0,530,500,30,1,100,0,1000,0,-1,-1,0,156,21,0,8,30,0,0,4352,6,-21,209,218,217
14977520,1787275120,30002,179,17,1500,90,106,112,0,0,0,520,500,30,1,100,0,1000,0,-1,-1,0,156,21,0,8,30,0,0,4354,-14,-6,209,219,217
15007518,1787275150,29998,181,17,1500,85,105,120,0,0,0,532,510,30,1,100,0,1000,0,-1,-1,0,156,21,0,8,30,0,0,4353,37,20,209,218,217
15037519,1787275180,30001,184,19,1500,98,100,120,0,0,0,523,500,30,1,100,0,1000,0,-1,-1,0,156,21,0,8,30,0,0,4354,-14,-34,209,219,217
15067518,1787275210,29999,176,17,1500,96,97,110,0,0,0,507,490,30,1,100,0,1000,0,-1,-1,0,156,21,0,8,30,0,0,4355,6,1,209,219,217
15097519,1787275240,30001,168,18,1375,95,89,106,0,0,0,511,490,29,1,100,0,999,0,-1,-1,0,143,40,0,8,29,0,0,4356,14,9,208,205,203
15127519,1787275270,30000,185,18,1500,92,102,122,0,0,0,499,480,30,1,100,0,999,0,-1,-1,0,156,21,0,8,30,0,0,4354,0,-17,208,219,217
15157519,1787275300,30000,187,21,1500,93,104,124,0,0,0,499,480,30,1,100,0,999,0,-1,-1,0,156,21,0,8,30,0,0,4355,0,-17,208,219,217
15187518,1787275330,29999,181,18,1500,98,97,116,0,0,0,505,480,30,1,100,0,999,0,-1,-1,0,156,21,0,8,30,0,0,4354,65,34,208,218,217
15217518,1787275360,30000,184,18,1500,92,102,122,0,0,0,497,480,30,1,100,0,999,0,-1,-1,0,156,40,0,8,30,0,0,4354,-29,-37,208,219,217
15247519,1787275390,30001,179,16,1500,91,100,116,0,0,0,502,480,29,1,100,0,1000,0,-1,-1,0,156,21,0,8,29,0,0,4355,29,37,208,218,216
15277518,1787275420,29999,184,18,1500,100,105,112,0,0,0,498,480,30,1,100,0,1000,0,-1,-1,0,156,21,0,8,30,0,0,4355,-43,-28,208,218,217
15307518,1787275450,30000,185,16,1500,97,101,122,0,0,0,507,490,30,1,100,0,1000,0,-1,-1,0,156,21,0,8,30,0,0,4354,-6,-48,208,218,217
15337519,1787275480,30001,177,17,1500,94,98,113,0,0,0,504,480,30,1,100,0,1000,0,-1,-1,0,156,21,0,8,30,0,0,4355,-43,-37,208,219,217
15367518,1787275510,29999,183,17,1500,94,107,115,0,0,0,500,490,30,1,100,0,1000,0,-1,-1,0,156,21,0,8,30,0,0,4354,-29,-26,208,218,217
15397519,1787275540,30001,195,18,1500,89,106,137,0,0,0,485,470,29,1,100,0,1000,0,-1,-1,0,156,40,0,8,29,0,0,4354,-6,-4,208,217,215
15427518,1787275570,29999,167,18,1375,91,93,103,0,0,0,486,470,30,1,100,0,1000,0,-1,-1,0,143,40,0,8,30,0,0,4355,-65,-35,208,205,204
15457519,1787275600,30001,177,16,1500,92,103,110,0,0,0,487,470,30,1,100,0,1000,0,-1,-1,0,156,21,0,8,30,0,0,4351,37,-7,208,219,217
15487518,1787275630,29999,178,18,1500,86,96,123,0,0,0,489,470,30,1,100,0,1000,0,-1,-1,0,156,21,0,8,30,0,0,4353,65,29,208,219,217
15517518,1787275660,30000,191,19,1500,93,111,124,0,0,0,491,470,30,1,100,0,1000,0,-1,-1,0,156,40,0,8,30,0,0,4355,-21,-3,208,218,217
15547518,1787275690,30000,186,17,1500,92,107,120,0,0,0,492,470,30,1,100,0,1000,0,-1,-1,0,156,21,0,8,30,0,0,4353,-14,-17,208,218,217
15577519,1787275720,30001,185,20,1500,90,102,125,0,0,0,485,470,30,1,100,0,1000,0,-1,-1,0,156,21,0,8,30,0,0,4353,37,14,208,219,217
15607518,1787275750,29999,183,19,1500,99,100,117,0,0,0,490,470,29,1,100,0,1000,0,-1,-1,0,156,21,0,8,29,0,0,4353,6,-9,208,216,215
15637520,1787275780,30002,187,19,1500,102,100,121,0,0,0,496,470,30,1,100,0,1000,0,-1,-1,0,156,21,0,8,30,0,0,4350,-73,-39,208,219,217
15667519,1787275810,29999,180,17,1500,97,92,120,0,0,0,488,470,30,1,100,0,1000,0,-1,-1,0,156,21,0,8,30,0,0,4353,65,42,208,219,217
15697518,1787275840,29999,189,18,1500,99,104,122,0,0,0,482,470,30,1,100,0,1000,0,-1,-1,0,156,21,0,8,30,0,0,4352,-87,-57,208,218,217
15727518,1787275870,30000,194,19,1500,97,108,129,0,0,0,483,470,30,1,100,0,1000,0,-1,-1,0,156,40,0,8,30,0,0,4353,-51,-14,208,218,217
15757518,1787275900,30000,170,15,1375,88,97,107,0,0,0,488,470,30,1,100,0,1000,0,-1,-1,0,143,40,0,8,30,0,0,4353,6,-10,208,205,204
15787518,1787275930,30000,175,21,1500,90,93,117,0,0,0,486,470,30,1,100,0,1000,0,-1,-1,0,156,21,0,8,29,0,0,4353,-21,-20,208,216,216
15817519,1787275960,30001,185,22,1500,96,103,119,0,0,0,492,470,29,1,100,0,1000,0,-1,-1,0,156,21,0,8,30,0,0,4353,-37,-57,208,218,216
15847518,1787275990,29999,182,16,1500,93,100,120,0,0,0,493,470,30,1,100,0,1000,0,-1,-1,0,156,21,0,8,30,0,0,4353,29,3,208,218,217
15877518,1787276020,30000,178,19,1500,96,103,109,0,0,0,491,470,30,1,100,0,1000,0,-1,-1,0,156,21,0,8,30,0,0,4353,29,-3,208,218,217
15907519,1787276050,30001,173,16,1500,82,111,102,0,0,0,493,480,30,1,100,0,1000,0,-1,-1,0,156,21,0,8,30,0,0,4354,-51,-20,208,219,217
15937519,1787276080,30000,184,16,1500,95,104,118,0,0,0,491,470,30,1,100,0,1000,0,-1,-1,0,156,21,0,8,30,0,0,4352,-21,-43,208,219,217
15967518,1787276110,29999,182,16,1500,98,99,117,0,0,0,492,470,30,1,100,0,1000,0,-1,-1,0,156,21,0,8,30,0,0,4351,-103,-40,208,218,217
15997518,1787276140,30000,181,17,1500,100,106,107,0,0,0,492,470,29,1,100,0,1000,0,-1,-1,0,156,21,0,8,29,0,0,4352,-51,-21,208,217,215
16027518,1787276170,30000,185,18,1500,96,100,121,0,0,0,488,470,30,1,100,0,1000,0,-1,-1,0,156,40,0,8,30,0,0,4352,59,42,208,218,217
16057519,1787276200,30001,182,17,1500,91,98,123,0,0,0,501,480,30,1,100,0,1000,0,-1,-1,0,156,21,0,8,30,0,0,4352,6,-12,208,219,217
16087518,1787276230,29999,185,19,1500,91,105,122,0,0,0,512,490,30,1,100,0,1000,0,-1,-1,0,156,21,0,8,30,0,0,4352,-51,-18,208,219,217
16117518,1787276260,30000,180,17,1500,94,97,119,0,0,0,517,490,30,1,100,0,1000,0,-1,-1,0,156,21,0,8,30,0,0,4354,-51,-35,208,218,217
16147518,1787276290,30000,183,18,1500,98,100,117,0,0,0,515,500,30,1,100,0,1000,0,-1,-1,0,156,21,0,8,30,0,0,4352,-14,-12,208,218,217
16177518,1787276320,30000,175,16,1500,93,102,108,0,0,0,500,480,30,1,100,0,1000,0,-1,-1,0,156,21,0,8,30,0,0,4353,-57,-35,208,218,217
16207518,1787276350,30000,169,19,1375,88,93,110,0,0,0,500,480,29,1,100,0,1000,0,-1,-1,0,143,21,0,8,29,0,0,4348,-29,-4,208,203,202
16237520,1787276380,30002,184,16,1500,88,105,122,0,0,0,504,480,30,1,100,0,1000,0,-1,-1,0,156,21,0,8,30,0,0,4351,-14,-3,208,219,217
16267519,1787276410,29999,195,18,1500,101,109,126,0,0,0,499,480,30,1,100,0,1000,0,-1,-1,0,156,21,0,8,30,0,0,4350,14,-6,208,219,217
16297518,1787276440,29999,179,16,1500,92,100,115,0,0,0,495,480,30,1,100,0,1000,0,-1,-1,0,156,21,0,8,30,0,0,4351,0,-15,208,218,217
16327519,1787276470,30001,170,16,1500,93,101,100,0,0,0,500,480,30,1,100,0,1000,0,-1,-1,0,156,21,0,8,30,0,0,4352,-51,-12,208,219,217
16357519,1787276500,30000,186,18,1500,102,105,114,0,0,0,497,490,30,1,100,0,1000,0,-1,-1,0,156,40,0,8,30,0,0,4351,-57,-39,208,219,217
16387519,1787276530,30000,193,17,1500,104,109,120,0,0,0,509,480,30,1,100,0,1000,0,-1,-1,0,156,21,0,8,30,0,0,4353,-73,-29,208,219,217
16417518,1787276560,29999,192,20,1500,94,110,126,0,0,0,496,480,29,1,100,0,999,0,-1,-1,0,156,21,0,8,29,0,0,4351,-57,-54,208,218,216
16447518,1787276590,30000,186,20,1500,105,104,112,0,0,0,498,480,30,1,100,0,999,0,-1,-1,0,156,21,0,8,30,0,0,4355,-6,3,208,219,217
16477518,1787276620,30000,179,20,1500,85,98,123,0,0,0,502,480,30,1,100,0,999,0,-1,-1,0,156,21,0,8,30,0,0,4353,-6,-4,208,218,217
16507518,1787276650,30000,182,16,1500,105,99,111,0,0,0,498,480,30,1,100,0,1000,0,-1,-1,0,156,21,0,8,30,0,0,4352,14,4,208,219,218
16537518,1787276680,30000,186,18,1500,94,97,127,0,0,0,504,480,30,1,100,0,1000,0,-1,-1,0,156,21,0,8,30,0,0,4352,-21,-12,208,218,217
16567518,1787276710,30000,192,17,1500,106,111,114,0,0,0,490,480,29,1,100,0,1000,0,-1,-1,0,156,21,0,8,29,0,0,4352,-43,-56,208,216,215
16597519,1787276740,30001,185,19,1500,100,101,118,0,0,0,503,480,30,1,100,0,1000,0,-1,-1,0,156,21,0,8,30,0,0,4348,-6,-18,208,219,217
16627518,1787276770,29999,181,15,1500,98,98,115,0,0,0,503,480,30,1,100,0,1000,0,-1,-1,0,156,21,0,8,30,0,0,4352,14,17,208,218,217
16657518,1787276800,30000,192,17,1500,89,108,131,0,0,0,490,470,30,1,100,0,1000,0,-1,-1,0,156,40,0,8,30,0,0,4353,-6,6,208,219,217
16687518,1787276830,30000,186,17,1500,95,107,119,0,0,0,478,460,30,1,100,0,1000,0,-1,-1,0,156,21,0,8,30,0,0,4351,14,21,208,218,217
16717519,1787276860,30001,191,18,1500,89,112,126,0,0,0,481,460,30,1,100,0,1000,0,-1,-1,0,156,21,0,8,30,0,0,4352,59,34,208,219,217
16747518,1787276890,29999,183,17,1500,94,106,114,0,0,0,474,470,29,1,100,0,1000,0,-1,-1,0,156,21,0,8,29,0,0,4352,21,17,208,216,215
16777518,1787276920,30000,177,16,1500,93,95,116,0,0,0,473,450,30,1,100,0,1000,0,-1,-1,0,156,21,0,8,30,0,0,4352,37,21,208,219,217
16807519,1787276950,30001,179,16,1500,98,96,115,0,0,0,483,470,30,1,100,0,1000,0,-1,-1,0,156,21,0,8,30,0,0,4353,0,-1,208,219,217
16837519,1787276980,30000,189,18,1500,96,101,128,0,0,0,476,460,30,1,100,0,1000,0,-1,-1,0,156,21,0,8,30,0,0,4353,-6,-12,208,219,217
16867518,1787277010,29999,157,16,1375,86,86,99,0,0,0,473,460,30,1,100,0,1000,0,-1,-1,0,143,21,0,8,30,0,0,4353,21,10,208,205,204
16897520,1787277040,30002,184,18,1500,97,96,123,0,0,0,472,450,30,1,100,0,1000,0,-1,-1,0,156,21,0,8,30,0,0,4352,14,12,208,219,217
16927518,1787277070,29998,182,18,1500,90,104,119,0,0,0,478,460,30,1,100,0,1000,0,-1,-1,0,156,21,0,8,30,0,0,4351,14,1,208,218,217
16957518,1787277100,30000,197,17,1500,98,109,131,0,0,0,481,460,29,1,100,0,1000,0,-1,-1,0,156,40,0,8,29,0,0,4352,-14,-15,208,216,215
16987518,1787277130,30000,175,19,1500,91,101,110,0,0,0,470,440,30,1,100,0,1000,0,-1,-1,0,156,21,0,8,30,0,0,4350,-14,-46,208,218,217
17017518,1787277160,30000,179,20,1500,100,95,114,0,0,0,460,440,30,1,100,0,1000,0,-1,-1,0,156,21,0,8,30,0,0,4353,37,-3,208,219,217
17047520,1787277190,30002,178,18,1500,94,102,112,0,0,0,459,440,30,1,100,0,1000,0,-1,-1,0,156,21,0,8,30,0,0,4351,51,21,208,219,217
17077519,1787277220,29999,182,18,1500,88,104,121,0,0,0,469,440,30,1,100,0,1000,0,-1,-1,0,156,21,0,8,30,0,0,4351,-51,-35,208,219,217
17107518,1787277250,29999,178,16,1500,97,91,117,0,0,0,462,440,30,1,100,0,1000,0,-1,-1,0,156,21,0,8,30,0,0,4352,6,4,208,218,217
17137518,1787277280,30000,189,19,1500,95,107,124,0,0,0,461,440,30,1,100,0,1000,0,-1,-1,0,156,21,0,8,30,0,0,4353,6,9,208,218,217
17167518,1787277310,30000,176,18,1500,92,98,112,0,0,0,460,440,29,1,100,0,1000,0,-1,-1,0,156,21,0,8,29,0,0,4352,73,39,208,216,215
17197519,1787277340,30001,177,18,1500,95,95,115,0,0,0,464,450,30,1,100,0,1000,0,-1,-1,0,156,21,0,8,30,0,0,4352,-37,-14,208,219,217
17227518,1787277370,29999,200,21,1500,96,119,128,0,0,0,470,440,30,1,100,0,1000,0,-1,-1,0,156,40,0,8,30,0,0,4349,-95,-84,208,218,217
17257518,1787277400,30000,167,17,1375,86,101,101,0,0,0,495,470,30,1,100,0,1000,0,-1,-1,0,143,40,0,8,30,0,0,4350,-14,-23,208,205,204
17287518,1787277430,30000,179,19,1500,91,103,114,0,0,0,502,480,30,1,100,0,1000,0,-1,-1,0,156,21,0,8,30,0,0,4352,-29,-9,208,218,217
17317518,1787277460,30000,188,18,1500,90,110,123,0,0,0,497,480,30,1,100,0,1000,0,-1,-1,0,156,21,0,8,30,0,0,4351,-51,-23,208,219,217
17347520,1787277490,30002,174,21,1500,86,99,114,0,0,0,491,480,29,1,100,0,1000,0,-1,-1,0,156,21,0,8,29,0,0,4352,21,10,208,217,215
17377518,1787277520,29998,187,17,1500,90,95,132,0,0,0,498,470,30,1,100,0,1000,0,-1,-1,0,156,40,0,8,30,0,0,4352,-21,4,208,219,217
17407518,1787277550,30000,179,17,1500,93,103,112,0,0,0,486,460,30,1,100,0,1000,0,-1,-1,0,156,21,0,8,30,0,0,4351,21,17,208,218,217
17437518,1787277580,30000,193,20,1500,96,106,129,0,0,0,479,460,30,1,100,0,1000,0,-1,-1,0,156,21,0,8,30,0,0,4350,-21,-15,208,218,217
17467519,1787277610,30001,193,17,1500,97,105,129,0,0,0,478,460,30,1,100,0,1000,0,-1,-1,0,156,21,0,8,30,0,0,4351,-6,-10,208,219,217
17497518,1787277640,29999,182,16,1500,93,106,115,0,0,0,478,460,30,1,100,0,1000,0,-1,-1,0,156,21,0,8,30,0,0,4350,-6,-35,208,219,217
17527518,1787277670,30000,187,17,1500,106,101,116,0,0,0,476,460,30,1,100,0,1000,0,-1,-1,0,156,21,0,8,30,0,0,4351,-37,-17,208,218,217
17557518,1787277700,30000,202,23,1500,99,110,137,0,0,0,480,470,29,1,100,0,1000,0,-1,-1,0,156,40,0,8,29,0,0,4351,29,1,208,217,215
17587518,1787277730,30000,175,18,1375,89,98,114,0,0,0,477,460,30,1,100,0,1000,0,-1,-1,0,143,40,0,8,30,0,0,4351,45,-14,208,205,204
17617519,1787277760,30001,186,19,1500,104,100,116,0,0,0,477,460,30,1,100,0,1000,0,-1,-1,0,156,21,0,8,30,0,0,4350,-14,-9,208,219,217
17647518,1787277790,29999,179,15,1500,92,97,118,0,0,0,480,460,30,1,100,0,1000,0,-1,-1,0,156,21,0,8,30,0,0,4350,-14,-9,208,218,216
17677519,1787277820,30001,187,18,1500,85,104,131,0,0,0,466,440,30,1,100,0,1000,0,-1,-1,0,156,21,0,8,30,0,0,4350,-73,-48,208,219,217
17707518,1787277850,29999,187,20,1500,89,108,123,0,0,0,458,440,30,1,100,0,1000,0,-1,-1,0,156,21,0,8,30,0,0,4351,-6,-7,208,218,217
17737519,1787277880,30001,186,17,1500,93,103,124,0,0,0,465,440,30,1,100,0,1000,0,-1,-1,0,156,21,0,8,30,0,0,4350,21,12,208,219,217
17767518,1787277910,29999,178,19,1500,92,98,116,0,0,0,460,440,29,1,100,0,1000,0,-1,-1,0,156,21,0,8,29,0,0,4351,-14,-4,208,217,215
17797520,1787277940,30002,181,16,1500,90,105,116,0,0,0,457,440,30,1,100,0,1000,0,-1,-1,0,156,21,0,8,30,0,0,4351,-37,-12,208,219,217
17827519,1787277970,29999,189,18,1500,98,107,119,0,0,0,459,440,30,1,100,0,1000,0,-1,-1,0,156,40,0,8,30,0,0,4350,0,-12,208,219,217
17857518,1787278000,29999,195,16,1500,108,102,126,0,0,0,458,440,30,1,100,0,1000,0,-1,-1,0,156,40,0,8,30,0,0,4349,-51,-35,208,218,217
17887518,1787278030,30000,188,16,1500,96,102,125,0,0,0,462,440,30,1,100,0,1000,0,-1,-1,0,156,21,0,8,30,0,0,4350,21,14,208,218,217
17917519,1787278060,30001,177,18,1500,93,99,113,0,0,0,457,440,30,1,100,0,1000,0,-1,-1,0,156,21,0,8,30,0,0,4352,73,23,208,219,217
17947519,1787278090,30000,181,19,1500,87,105,118,0,0,0,460,440,29,1,100,0,1000,0,-1,-1,0,156,21,0,8,29,0,0,4350,-43,-23,208,217,215
17977519,1787278120,30000,183,20,1500,97,90,125,0,0,0,458,440,30,1,100,0,1000,0,-1,-1,0,156,21,0,8,30,0,0,4349,6,4,208,219,217
18007518,1787278150,29999,174,19,1500,97,94,110,0,0,0,461,440,30,1,100,0,1000,0,-1,-1,0,156,21,0,8,30,0,0,4350,-21,-25,208,218,217
18037519,1787278180,30001,184,17,1500,102,100,115,0,0,0,452,430,30,1,100,0,1000,0,-1,-1,0,156,21,0,8,30,0,0,4349,0,-3,208,219,217
18067518,1787278210,29999,171,18,1375,83,89,120,0,0,0,443,430,30,1,100,0,1000,0,-1,-1,0,143,21,0,8,30,0,0,4349,6,-4,208,206,204
18097520,1787278240,30002,181,18,1500,96,97,119,0,0,0,443,430,30,1,100,0,1000,0,-1,-1,0,156,21,0,8,30,0,0,4350,-21,-12,208,219,217
18127518,1787278270,29998,183,19,1500,103,101,111,0,0,0,453,430,30,1,100,0,1000,0,-1,-1,0,156,21,0,8,30,0,0,4350,14,12,208,218,217
18157518,1787278300,30000,191,20,1500,93,109,126,0,0,0,449,430,29,1,100,0,1000,0,-1,-1,0,156,40,0,8,29,0,0,4350,-6,-9,208,217,215
18187518,1787278330,30000,190,17,1500,98,100,128,0,0,0,449,430,30,1,100,0,1000,0,-1,-1,0,156,21,0,8,30,0,0,4350,-65,-37,208,218,217
18217519,1787278360,30001,191,20,1500,100,102,126,0,0,0,446,430,30,1,100,0,1000,0,-1,-1,0,156,40,0,8,30,0,0,4348,-6,-9,208,219,217
18247518,1787278390,29999,184,17,1500,94,102,120,0,0,0,450,440,30,1,100,0,1000,0,-1,-1,0,156,21,0,8,30,0,0,4350,0,3,208,219,217
18277519,1787278420,30001,184,23,1500,97,102,118,0,0,0,447,430,30,1,100,0,1000,0,-1,-1,0,156,40,0,8,30,0,0,4348,14,7,208,219,217
18307518,1787278450,29999,175,17,1500,92,103,108,0,0,0,449,430,30,1,100,0,1000,0,-1,-1,0,156,21,0,8,30,0,0,4349,6,4,208,218,217
18337518,1787278480,30000,183,18,1500,89,103,120,0,0,0,451,430,30,1,100,0,1000,0,-1,-1,0,156,21,0,8,30,0,0,4348,-29,-9,208,218,217
18367518,1787278510,30000,162,17,1375,82,88,107,0,0,0,458,430,29,1,100,0,1000,0,-1,-1,0,143,21,0,8,29,0,0,4348,-37,-6,208,204,202
18397520,1787278540,30002,181,19,1500,90,97,123,0,0,0,443,430,30,1,100,0,1000,0,-1,-1,0,156,21,0,8,30,0,0,4349,-43,-15,208,219,217
18427518,1787278570,29998,192,21,1500,103,101,126,0,0,0,461,440,30,1,100,0,1000,0,-1,-1,0,156,40,0,8,30,0,0,4350,51,32,208,218,217
18457519,1787278600,30001,190,17,1500,96,95,133,0,0,0,485,460,30,1,100,0,1000,0,-1,-1,0,156,40,0,8,30,0,0,4350,29,25,208,219,217
18487518,1787278630,29999,186,17,1500,97,105,118,0,0,0,488,480,30,1,100,0,1000,0,-1,-1,0,156,21,0,8,30,0,0,4348,-51,-26,208,218,217
18517519,1787278660,30001,181,16,1500,90,99,122,0,0,0,486,470,30,1,100,0,1000,0,-1,-1,0,156,21,0,8,30,0,0,4349,-73,-34,208,219,217
18547519,1787278690,30000,193,25,1500,99,99,133,0,0,0,481,470,29,1,100,0,1000,0,-1,-1,0,156,21,0,8,29,0,0,4348,-14,17,208,217,215
18577518,1787278720,29999,180,16,1500,87,109,113,0,0,0,488,470,30,1,100,0,1000,0,-1,-1,0,156,21,0,8,30,0,0,4348,-14,0,208,219,217
18607518,1787278750,30000,177,16,1500,94,96,115,0,0,0,487,470,30,1,100,0,1000,0,-1,-1,0,156,21,0,8,30,0,0,4348,-14,-17,208,218,217
18637519,1787278780,30001,187,17,1500,89,105,126,0,0,0,503,470,30,1,100,0,1000,0,-1,-1,0,156,21,0,8,30,0,0,4348,21,7,208,219,217
18667518,1787278810,29999,173,18,1375,85,96,115,0,0,0,488,470,30,1,100,0,1000,0,-1,-1,0,143,21,0,8,30,0,0,4348,6,3,208,206,204
18697519,1787278840,30001,176,18,1500,99,93,111,0,0,0,484,460,30,1,100,0,1000,0,-1,-1,0,156,21,0,8,30,0,0,4349,21,12,208,219,217
18727519,1787278870,30000,188,17,1500,97,111,117,0,0,0,473,460,30,1,100,0,1000,0,-1,-1,0,156,40,0,8,30,0,0,4349,-14,-7,208,219,217
18757519,1787278900,30000,182,22,1500,92,100,121,0,0,0,480,460,29,1,100,0,1000,0,-1,-1,0,156,40,0,8,29,0,0,4348,0,4,208,217,215
18787518,1787278930,29999,184,17,1500,92,107,117,0,0,0,482,460,30,1,100,0,1000,0,-1,-1,0,156,21,0,8,30,0,0,4346,-59,-34,208,218,217
18817519,1787278960,30001,188,20,1500,98,106,120,0,0,0,482,460,30,1,100,0,1000,0,-1,-1,0,156,40,0,8,30,0,0,4347,-29,-14,208,219,217
18847518,1787278990,29999,182,16,1500,94,101,117,0,0,0,476,460,30,1,100,0,1000,0,-1,-1,0,156,21,0,8,30,0,0,4346,45,14,208,219,217
18877518,1787279020,30000,176,17,1500,85,94,122,0,0,0,479,460,30,1,100,0,1000,0,-1,-1,0,156,21,0,8,30,0,0,4348,21,10,208,219,217
18907518,1787279050,30000,183,22,1500,95,101,119,0,0,0,467,460,30,1,100,0,1000,0,-1,-1,0,156,21,0,8,30,0,0,4346,37,29,208,218,217
18937518,1787279080,30000,176,16,1500,91,99,113,0,0,0,476,460,30,1,100,0,1000,0,-1,-1,0,156,21,0,8,30,0,0,4348,0,-59,208,218,217
18967518,1787279110,30000,170,16,1375,95,88,110,0,0,0,478,460,29,1,100,0,1000,0,-1,-1,0,143,21,0,8,29,0,0,4348,0,-7,208,203,202
18997518,1787279140,30000,184,21,1500,86,107,121,0,0,0,476,460,30,1,100,0,1000,0,-1,-1,0,156,21,0,8,30,0,0,4348,-43,-31,208,219,217
19027518,1787279170,30000,177,18,1500,91,97,116,0,0,0,477,460,30,1,100,0,999,0,-1,-1,0,156,21,0,8,30,0,0,4348,6,-121,207,220,218
19057519,1787279200,30001,181,20,1500,94,101,116,0,0,0,478,460,29,1,100,0,1000,0,-1,-1,0,156,21,0,8,29,0,0,4347,6,3,207,218,216
19087518,1787279230,29999,181,17,1500,88,105,118,0,0,0,473,460,30,1,100,0,1000,0,-1,-1,0,156,21,0,8,30,0,0,4349,-29,-15,207,218,217
19117519,1787279260,30001,182,17,1500,96,104,113,0,0,0,474,460,30,1,100,0,1000,0,-1,-1,0,156,21,0,8,30,0,0,4348,0,-156,207,219,217
19147518,1787279290,29999,186,19,1500,91,114,115,0,0,0,479,460,30,1,100,0,1000,0,-1,-1,0,156,21,0,8,30,0,0,4348,6,-21,207,218,217
19177519,1787279320,30001,194,20,1500,92,111,129,0,0,0,478,450,30,1,100,0,1000,0,-1,-1,0,156,21,0,8,30,0,0,4349,14,1,207,219,217
19207519,1787279350,30000,186,19,1500,98,100,121,0,0,0,459,440,30,1,100,0,1000,0,-1,-1,0,156,21,0,8,30,0,0,4348,65,-35,207,219,217
19237518,1787279380,29999,184,18,1500,87,100,126,0,0,0,458,440,29,1,100,0,1000,0,-1,-1,0,156,21,0,8,29,0,0,4347,-21,-9,207,216,215
19267520,1787279410,30002,182,20,1500,91,103,119,0,0,0,462,440,30,1,100,0,1000,0,-1,-1,0,156,21,0,8,30,0,0,4347,-29,-34,207,219,217
19297520,1787279440,30000,176,17,1500,90,100,113,0,0,0,457,440,30,1,100,0,1000,0,-1,-1,0,156,21,0,8,30,0,0,4347,-21,-48,207,219,217
19327518,1787279470,29998,183,16,1500,103,104,110,0,0,0,459,440,30,1,100,0,1000,0,-1,-1,0,156,21,0,8,30,0,0,4348,-37,-21,207,219,217
19357518,1787279500,30000,186,17,1500,94,98,127,0,0,0,459,440,30,1,100,0,1000,0,-1,-1,0,156,21,0,8,30,0,0,4348,0,4,207,218,217
19387518,1787279530,30000,197,20,1500,107,111,122,0,0,0,467,440,30,1,100,0,1000,0,-1,-1,0,156,40,0,8,30,0,0,4346,0,6,207,218,217
19417518,1787279560,30000,195,18,1500,102,106,129,0,0,0,462,440,30,1,100,0,1000,0,-1,-1,0,156,21,0,8,30,0,0,4348,45,31,207,218,217
19447518,1787279590,30000,179,17,1500,93,94,120,0,0,0,464,440,29,1,100,0,1000,0,-1,-1,0,156,21,0,8,29,0,0,4346,6,-1,207,217,215
19477518,1787279620,30000,171,20,1500,87,103,104,0,0,0,460,440,30,1,100,0,1000,0,-1,-1,0,156,21,0,8,30,0,0,4347,-14,7,207,218,217
19507518,1787279650,30000,180,19,1500,92,104,115,0,0,0,460,440,30,1,100,0,1000,0,-1,-1,0,156,21,0,8,30,0,0,4349,0,-7,207,218,217
19537518,1787279680,30000,163,17,1375,81,92,107,0,0,0,457,440,30,1,100,0,1000,0,-1,-1,0,143,21,0,8,30,0,0,4347,-43,-9,207,205,204
19567518,1787279710,30000,178,17,1500,100,93,114,0,0,0,455,440,30,1,100,0,1000,0,-1,-1,0,156,21,0,8,30,0,0,4344,-59,-20,207,219,217
19597518,1787279740,30000,199,16,1625,110,108,126,0,0,0,457,440,30,1,100,0,1000,0,-1,-1,0,169,21,0,8,30,0,0,4347,-29,1,207,232,230
19627518,1787279770,30000,163,17,1375,85,90,106,0,0,0,451,430,29,1,100,0,1000,0,-1,-1,0,143,21,0,8,29,0,0,4347,29,9,207,203,202
19657519,1787279800,30001,172,15,1500,91,99,106,0,0,0,447,430,30,1,100,0,1000,0,-1,-1,0,156,21,0,8,30,0,0,4348,14,-17,207,219,217
19687518,1787279830,29999,190,21,1500,93,104,129,0,0,0,447,430,30,1,100,0,1000,0,-1,-1,0,156,40,0,8,30,0,0,4347,-21,-32,207,219,217
19717518,1787279860,30000,192,17,1500,93,107,130,0,0,0,454,430,30,1,100,0,1000,0,-1,-1,0,156,21,0,8,30,0,0,4345,-51,-17,207,218,217
19747519,1787279890,30001,185,18,1500,95,105,119,0,0,0,451,430,30,1,100,0,1000,0,-1,-1,0,156,21,0,8,30,0,0,4347,0,-6,207,219,217
19777518,1787279920,29999,182,16,1500,96,104,113,0,0,0,454,430,30,1,100,0,1000,0,-1,-1,0,156,21,0,8,30,0,0,4347,-6,-4,207,219,217
19807518,1787279950,30000,177,18,1500,96,96,113,0,0,0,458,430,30,1,100,0,1000,0,-1,-1,0,156,21,0,8,30,0,0,4345,-43,-28,207,218,217
19837518,1787279980,30000,173,16,1500,90,95,112,0,0,0,452,430,29,1,100,0,1000,0,-1,-1,0,156,21,0,8,29,0,0,4339,-110,-59,207,217,215
19867518,1787280010,30000,187,20,1500,86,110,124,0,0,0,454,440,30,1,100,0,1000,0,-1,-1,0,156,21,0,8,30,0,0,4347,-6,-12,207,219,217
19897518,1787280040,30000,172,20,1500,81,96,117,0,0,0,443,430,30,1,100,0,1000,0,-1,-1,0,156,21,0,8,30,0,0,4347,37,1,207,218,217
19927519,1787280070,30001,187,19,1500,100,106,116,0,0,0,447,430,30,1,100,0,1000,0,-1,-1,0,156,21,0,8,30,0,0,4346,29,14,207,219,217
19957519,1787280100,30000,185,16,1500,102,99,118,0,0,0,450,430,30,1,100,0,1000,0,-1,-1,0,156,21,0,8,30,0,0,4346,-73,-39,207,219,217
19987518,1787280130,29999,180,18,1500,93,105,113,0,0,0,457,430,30,1,100,0,1000,0,-1,-1,0,156,40,0,8,30,0,0,4346,-14,-17,207,218,217
20017518,1787280160,30000,175,18,1500,90,102,110,0,0,0,457,430,30,1,100,0,1000,0,-1,-1,0,156,21,0,8,30,0,0,4345,-14,-1,207,218,217
20047518,1787280190,30000,195,19,1500,102,112,122,0,0,0,446,430,29,1,100,0,1000,0,-1,-1,0,156,21,0,8,29,0,0,4345,-51,-29,207,216,215
20077520,1787280220,30002,188,17,1500,102,99,123,0,0,0,451,430,30,1,100,0,1000,0,-1,-1,0,156,21,0,8,30,0,0,4348,21,10,207,219,217
20107518,1787280250,29998,190,17,1500,103,100,124,0,0,0,450,430,30,1,100,0,1000,0,-1,-1,0,156,21,0,8,30,0,0,4345,21,23,207,219,217
20137518,1787280280,30000,173,17,1500,84,107,106,0,0,0,449,430,30,1,100,0,1000,0,-1,-1,0,156,21,0,8,30,0,0,4348,21,-17,207,219,217
20167518,1787280310,30000,169,20,1375,89,96,107,0,0,0,449,430,30,1,100,0,1000,0,-1,-1,0,143,21,0,8,30,0,0,4348,21,-1,207,206,204
20197519,1787280340,30001,182,18,1500,96,100,118,0,0,0,454,430,30,1,100,0,1000,0,-1,-1,0,156,21,0,8,30,0,0,4346,37,21,207,219,217
20227518,1787280370,29999,178,17,1500,93,99,115,0,0,0,450,430,30,1,100,0,1000,0,-1,-1,0,156,21,0,8,30,0,0,4347,-14,7,207,218,217
20257518,1787280400,30000,191,18,1500,95,105,128,0,0,0,445,430,29,1,100,0,1000,0,-1,-1,0,156,21,0,8,29,0,0,4344,-6,-4,207,217,215
20287518,1787280430,30000,170,18,1500,89,101,104,0,0,0,443,430,30,1,100,0,1000,0,-1,-1,0,156,21,0,8,30,0,0,4345,6,0,207,219,217
20317519,1787280460,30001,193,19,1500,97,112,123,0,0,0,450,430,30,1,100,0,1000,0,-1,-1,0,156,40,0,8,30,0,0,4348,51,25,207,219,217
20347518,1787280490,29999,182,18,1500,88,109,116,0,0,0,453,430,30,1,100,0,1000,0,-1,-1,0,156,21,0,8,30,0,0,4344,67,-1,207,218,217
20377518,1787280520,30000,173,17,1500,89,108,101,0,0,0,443,430,30,1,100,0,1000,0,-1,-1,0,156,21,0,8,30,0,0,4345,-37,-25,207,219,217
20407518,1787280550,30000,172,17,1500,91,91,113,0,0,0,442,430,30,1,100,0,1000,0,-1,-1,0,156,21,0,8,30,0,0,4346,14,-3,207,219,217
20437518,1787280580,30000,186,16,1500,105,104,113,0,0,0,450,430,29,1,100,0,1000,0,-1,-1,0,156,21,0,8,29,0,0,4347,-43,-10,207,216,215
20467518,1787280610,30000,178,19,1500,97,102,108,0,0,0,450,430,30,1,100,0,1000,0,-1,-1,0,156,21,0,8,30,0,0,4346,-14,-10,207,219,217
20497518,1787280640,30000,181,17,1500,99,94,119,0,0,0,445,430,30,1,100,0,1000,0,-1,-1,0,156,21,0,8,30,0,0,4346,-14,-28,207,219,217
20527518,1787280670,30000,181,21,1500,90,100,120,0,0,0,455,430,30,1,100,0,1000,0,-1,-1,0,156,21,0,8,30,0,0,4347,6,4,207,218,217
20557520,1787280700,30002,190,20,1500,105,107,117,0,0,0,457,440,30,1,100,0,1000,0,-1,-1,0,156,21,0,8,30,0,0,4346,-81,-43,207,219,217
20587519,1787280730,29999,184,17,1500,106,102,111,0,0,0,477,460,30,1,100,0,1000,0,-1,-1,0,156,21,0,8,30,0,0,4343,-6,-10,207,219,217
20617518,1787280760,29999,182,26,1375,96,105,114,0,0,0,474,460,30,1,100,0,1000,0,-1,-1,0,143,40,0,8,30,0,0,4347,14,3,207,205,204
20647518,1787280790,30000,184,18,1500,98,103,117,0,0,0,485,460,29,1,100,0,1000,0,-1,-1,0,156,21,0,8,29,0,0,4345,14,-9,207,216,215
20677519,1787280820,30001,180,16,1500,95,98,117,0,0,0,477,460,30,1,100,0,1000,0,-1,-1,0,156,21,0,8,30,0,0,4345,-51,-42,207,219,217
20707519,1787280850,30000,183,18,1500,93,99,123,0,0,0,473,460,30,1,100,0,1000,0,-1,-1,0,156,21,0,8,30,0,0,4347,-51,-17,207,219,217
20737518,1787280880,29999,179,16,1500,90,102,115,0,0,0,483,460,30,1,100,0,1000,0,-1,-1,0,156,21,0,8,30,0,0,4344,-14,-18,207,218,217
20767518,1787280910,30000,182,17,1500,93,109,111,0,0,0,477,460,30,1,100,0,1000,0,-1,-1,0,156,21,0,8,30,0,0,4345,-21,-39,207,219,217
20797520,1787280940,30002,178,16,1500,89,111,106,0,0,0,480,460,30,1,100,0,1000,0,-1,-1,0,156,21,0,8,30,0,0,4347,14,14,207,219,217
20827518,1787280970,29998,184,20,1500,96,88,129,0,0,0,479,460,30,1,100,0,1000,0,-1,-1,0,156,21,0,8,30,0,0,4344,-21,-39,207,218,217
20857518,1787281000,30000,184,18,1500,91,115,111,0,0,0,477,460,29,1,100,0,1000,0,-1,-1,0,156,21,0,8,29,0,0,4345,37,4,207,216,215
20887518,1787281030,30000,176,17,1500,89,106,108,0,0,0,492,470,30,1,100,0,1000,0,-1,-1,0,156,21,0,8,30,0,0,4344,21,20,207,219,217
20917518,1787281060,30000,188,19,1500,92,102,129,0,0,0,514,490,30,1,100,0,1000,0,-1,-1,0,156,40,0,8,30,0,0,4345,29,9,207,218,217
20947518,1787281090,30000,189,18,1500,95,109,121,0,0,0,510,490,30,1,100,0,1000,0,-1,-1,0,156,21,0,8,30,0,0,4343,45,31,207,218,217
20977519,1787281120,30001,184,17,1500,94,102,120,0,0,0,508,490,30,1,100,0,1000,0,-1,-1,0,156,21,0,8,30,0,0,4342,-59,-29,207,219,217
21007518,1787281150,29999,181,18,1500,98,99,116,0,0,0,508,490,30,1,100,0,1000,0,-1,-1,0,156,21,0,8,30,0,0,4345,81,28,207,218,217
21037518,1787281180,30000,175,17,1375,94,97,111,0,0,0,511,490,29,1,100,0,1000,0,-1,-1,0,143,21,0,8,29,0,0,4346,-6,-6,207,203,202
21067518,1787281210,30000,186,23,1500,92,106,122,0,0,0,518,490,30,1,100,0,1000,0,-1,-1,0,156,21,0,8,30,0,0,4345,-29,-26,207,219,217
21097518,1787281240,30000,194,16,1625,92,115,126,0,0,0,510,490,30,1,100,0,1000,0,-1,-1,0,169,21,0,8,30,0,0,4345,37,29,207,231,230
21127518,1787281270,30000,172,17,1500,89,100,107,0,0,0,504,480,30,1,100,0,1000,0,-1,-1,0,156,21,0,8,30,0,0,4344,6,-17,207,219,217
21157518,1787281300,30000,180,18,1375,89,109,111,0,0,0,497,480,30,1,100,0,999,0,-1,-1,0,143,40,0,8,30,0,0,4344,-21,-32,207,206,205
21187518,1787281330,30000,175,18,1500,96,90,115,0,0,0,500,480,30,1,100,0,999,0,-1,-1,0,156,40,0,8,30,0,0,4345,-29,-29,207,218,217
21217518,1787281360,30000,186,17,1500,98,100,122,0,0,0,500,480,29,1,100,0,999,0,-1,-1,0,156,21,0,8,29,0,0,4346,-6,-18,207,216,215
21247518,1787281390,30000,180,18,1500,95,103,114,0,0,0,500,480,30,1,100,0,999,0,-1,-1,0,156,21,0,8,30,0,0,4346,0,-32,207,219,217
21277518,1787281420,30000,172,18,1500,85,97,113,0,0,0,496,480,30,1,100,0,999,0,-1,-1,0,156,21,0,8,30,0,0,4345,6,-1,207,218,217
21307518,1787281450,30000,182,17,1500,97,103,114,0,0,0,495,480,30,1,100,0,999,0,-1,-1,0,156,21,0,8,30,0,0,4345,-14,-14,207,218,217
21337518,1787281480,30000,187,19,1500,99,97,125,0,0,0,491,470,30,1,100,0,999,0,-1,-1,0,156,21,0,8,30,0,0,4344,14,-17,207,219,217
21367518,1787281510,30000,180,17,1500,94,111,105,0,0,0,483,460,30,1,100,0,999,0,-1,-1,0,156,21,0,8,30,0,0,4345,-6,-7,207,218,217
21397519,1787281540,30001,185,19,1500,91,111,115,0,0,0,479,460,29,1,100,0,1000,0,-1,-1,0,156,21,0,8,29,0,0,4345,6,12,207,218,216
21427518,1787281570,29999,178,17,1500,88,101,115,0,0,0,477,460,30,1,100,0,1000,0,-1,-1,0,156,21,0,8,30,0,0,4345,-6,-1,207,219,217
21457518,1787281600,30000,180,16,1500,94,102,114,0,0,0,479,460,30,1,100,0,1000,0,-1,-1,0,156,21,0,8,30,0,0,4345,0,-12,207,218,217
21487518,1787281630,30000,174,17,1375,85,104,110,0,0,0,476,460,30,1,100,0,1000,0,-1,-1,0,143,40,0,8,30,0,0,4344,-14,-21,207,205,204
21517518,1787281660,30000,184,16,1500,89,104,122,0,0,0,478,460,30,1,100,0,1000,0,-1,-1,0,156,40,0,8,30,0,0,4344,-6,3,207,219,217
21547518,1787281690,30000,184,22,1500,96,100,120,0,0,0,473,460,30,1,100,0,1000,0,-1,-1,0,156,21,0,8,30,0,0,4344,-6,-1,207,218,217
21577518,1787281720,30000,182,17,1500,96,105,112,0,0,0,494,470,29,1,100,0,1000,0,-1,-1,0,156,21,0,8,29,0,0,4345,6,-6,207,217,215
21607518,1787281750,30000,177,15,1500,95,98,111,0,0,0,505,480,30,1,100,0,1000,0,-1,-1,0,156,21,0,8,30,0,0,4344,-21,-4,207,219,217
21637518,1787281780,30000,190,20,1500,105,103,120,0,0,0,498,480,30,1,100,0,1000,0,-1,-1,0,156,21,0,8,30,0,0,4344,-51,-35,207,218,217
21667519,1787281810,30001,185,20,1500,94,109,115,0,0,0,498,480,30,1,100,0,1000,0,-1,-1,0,156,21,0,8,30,0,0,4343,-29,-25,207,219,217
21697518,1787281840,29999,185,19,1500,95,105,118,0,0,0,488,470,30,1,100,0,1000,0,-1,-1,0,156,21,0,8,30,0,0,4343,-81,-32,207,219,217
21727518,1787281870,30000,185,18,1500,97,94,125,0,0,0,489,470,30,1,100,0,1000,0,-1,-1,0,156,21,0,8,30,0,0,4345,-95,-45,207,219,217
21757518,1787281900,30000,182,17,1500,94,94,124,0,0,0,491,470,29,1,100,0,1000,0,-1,-1,0,156,21,0,8,29,0,0,4344,-51,-31,207,217,215
21787518,1787281930,30000,182,15,1500,92,111,111,0,0,0,490,480,30,1,100,0,1000,0,-1,-1,0,156,21,0,8,30,0,0,4344,14,-4,207,219,217
21817518,1787281960,30000,196,18,1500,99,113,125,0,0,0,489,470,30,1,100,0,1000,0,-1,-1,0,156,40,0,8,30,0,0,4344,-14,-23,207,219,217
21847518,1787281990,30000,189,17,1500,99,107,119,0,0,0,483,470,30,1,100,0,1000,0,-1,-1,0,156,21,0,8,30,0,0,4344,-43,-17,207,218,217
21877518,1787282020,30000,183,18,1500,98,105,114,0,0,0,490,470,30,1,100,0,1000,0,-1,-1,0,156,21,0,8,30,0,0,4344,87,50,207,219,217
21907518,1787282050,30000,180,22,1500,97,97,116,0,0,0,490,470,30,1,100,0,1000,0,-1,-1,0,156,21,0,8,30,0,0,4344,6,0,207,219,217
21937518,1787282080,30000,180,18,1500,95,104,111,0,0,0,492,470,30,1,100,0,1000,0,-1,-1,0,156,21,0,8,30,0,0,4344,-14,3,207,218,217
21967518,1787282110,30000,168,16,1375,84,87,116,0,0,0,481,470,29,1,100,0,1000,0,-1,-1,0,143,21,0,8,29,0,0,4344,-81,-20,207,203,202
21997519,1787282140,30001,186,16,1500,97,111,113,0,0,0,484,470,30,1,100,0,1000,0,-1,-1,0,156,21,0,8,30,0,0,4342,45,28,207,219,217
22027519,1787282170,30000,193,17,1625,110,97,125,0,0,0,490,470,30,1,100,0,1000,0,-1,-1,0,169,21,0,8,30,0,0,4344,37,17,207,232,230
22057518,1787282200,29999,173,19,1375,86,92,118,0,0,0,491,470,30,1,100,0,1000,0,-1,-1,0,143,21,0,8,30,0,0,4342,-51,-23,207,206,204
22087518,1787282230,30000,182,16,1500,96,97,119,0,0,0,495,470,30,1,100,0,1000,0,-1,-1,0,156,21,0,8,30,0,0,4343,21,9,207,219,217
22117518,1787282260,30000,183,17,1500,97,100,118,0,0,0,490,480,30,1,100,0,1000,0,-1,-1,0,156,40,0,8,30,0,0,4343,0,-15,207,218,217
22147518,1787282290,30000,184,17,1500,89,102,124,0,0,0,487,470,29,1,100,0,1000,0,-1,-1,0,156,40,0,8,29,0,0,4344,6,-20,207,217,215
22177518,1787282320,30000,178,17,1500,89,102,114,0,0,0,486,470,30,1,100,0,1000,0,-1,-1,0,156,21,0,8,30,0,0,4344,29,17,207,219,217
22207518,1787282350,30000,20089,8164,1500,8639,12842,12807,1,1,0,493,470,20,1,50,6,1000,0,-1,-1,0,156,40,6,8,25,0,5,4343,45,1,207,227,226
22237518,1787282380,30000,46826,7909,1375,24426,31391,24711,0,2,0,833,830,3,1,50,4,1000,0,-1,-1,0,143,40,4,10,22,0,6,4336,-95,-87,207,214,212
