seq,sensor_ts_ms,arrival_ms,batch,x_mg,y_mg,z_mg
0,14782,16259,1,-289,565,10113
1,14862,16259,1,-1865,-366,9790
2,14942,16259,1,-852,-395,9732
3,15022,16259,1,-1125,172,9806
4,15102,16259,1,251,964,10173
5,15183,16259,1,-1309,-234,9720
6,15263,16259,1,-1680,2150,11083
7,15343,16259,1,-3383,1642,9131
8,15423,16259,1,-1568,-62,9737
9,15504,16259,1,-1036,-670,9694
10,15584,16259,1,-383,-926,9574
11,15664,16259,1,-184,112,10230
12,15744,16259,1,1496,440,9505
13,15825,17291,1,-878,-603,9632
14,15905,17291,1,-507,-584,9821
15,15986,17291,1,-217,-318,9715
16,16066,17291,1,-538,-622,9754
17,16147,17291,1,-636,-751,9694
18,16227,17291,1,-603,-718,9656
19,16308,17291,1,-445,-751,9692
20,16388,17291,1,-476,-639,9629
21,16469,17291,1,-708,-802,9708
22,16549,17291,1,-514,-749,9672
23,16630,17291,1,-512,-696,9646
24,16710,17291,1,-562,-727,9701
25,16791,18288,1,-603,-821,9605
26,16871,18288,1,-526,-816,9627
27,16951,18288,1,-596,-744,9624
28,17031,18288,1,-347,-660,9739
29,17111,18288,1,-347,-861,9660
30,17192,18288,1,-294,-715,9665
31,17272,18288,1,-325,-780,9627
32,17352,18288,1,-344,-826,9689
33,17432,18288,1,-189,-1027,9823
34,17513,18288,1,-227,-677,9644
35,17593,18288,1,-237,-785,9617
36,17673,18288,1,-201,-658,9687
37,17753,18288,1,67,-727,9701
38,17834,19003,1,138,-976,9744
39,17914,19003,1,471,-624,9660
40,17995,19003,1,531,-754,9771
41,18075,19003,1,524,-581,9713
42,18156,19003,1,620,-462,9730
43,18236,19003,1,569,-421,9725
44,18317,19003,1,675,-213,9586
45,18397,19003,1,739,-615,9725
46,18478,19004,1,725,-438,9665
47,18558,19004,1,770,-414,9730
48,18639,19004,1,713,-478,9641
49,18719,19004,1,687,-445,9699
50,18803,20007,1,574,-488,9751
51,18883,20007,1,658,-418,9660
52,18963,20008,1,612,-418,9780
53,19043,20008,1,603,-502,9665
54,19123,20008,1,591,-545,9608
55,19203,20008,1,639,-507,9768
56,19283,20008,1,648,-474,9651
57,19363,20008,1,620,-675,9747
58,19443,20008,1,648,-869,9747
59,19523,20008,1,620,-656,9672
60,19603,20008,1,577,-842,9632
61,19683,20008,1,663,-634,9751
62,19763,20008,1,730,-603,9962
63,19849,21275,1,603,-1189,9507
64,19929,21275,1,857,-739,9531
65,20009,21275,1,1110,-957,9794
66,20089,21275,1,1388,-694,9847
67,20169,21275,1,1314,-239,9534
68,20249,21275,1,1245,-249,9603
69,20329,21275,1,1280,-533,9610
70,20409,21275,1,1642,-337,9665
71,20489,21275,1,1685,-373,9603
72,20569,21275,1,1731,-337,9572
73,20649,21275,1,1762,-265,9684
74,20729,21275,1,1750,-280,9483
75,20809,22278,1,1673,-284,9507
76,20889,22278,1,1829,-344,9639
77,20969,22278,1,1841,-112,9519
78,21050,22278,1,1757,-265,9648
79,21130,22278,1,1793,-196,9591
80,21211,22278,1,1843,-225,9620
81,21291,22278,1,1814,-198,9529
82,21371,22278,1,1766,-83,9641
83,21452,22278,1,1948,-203,9569
84,21532,22278,1,1884,-210,9589
85,21613,22278,1,1855,-179,9601
86,21693,22278,1,1939,-287,9562
87,21773,22278,1,1913,-81,9668
88,21854,23282,1,1829,-229,9624
89,21934,23282,1,1810,-368,9646
90,22014,23282,1,1795,-244,9629
91,22095,23283,1,1743,-318,9538
92,22175,23283,1,1510,-174,9761
93,22255,23283,1,1470,-169,9579
94,22336,23283,1,1096,-287,9660
95,22416,23283,1,1041,-153,9907
96,22496,23283,1,962,-203,9754
97,22577,23283,1,715,-241,9574
98,22657,23283,1,217,-318,9711
99,22737,23283,1,179,-514,9601
100,22818,24287,1,52,9,9929
101,22898,24287,1,-464,21,10319
102,22978,24287,1,-799,-40,9502
103,23059,24287,1,-1012,-124,9466
104,23139,24287,1,-1108,213,9632
105,23220,24287,1,-1144,239,9596
106,23300,24287,1,-1477,50,9624
107,23380,24287,1,-1362,174,9543
108,23461,24287,1,-1755,-184,9447
109,23541,24287,1,-1637,69,9646
110,23622,24287,1,-1596,129,9593
111,23702,24287,1,-1810,296,9715
112,23782,24287,1,-2047,28,9371
113,23863,25292,1,-2171,464,9237
114,23943,25292,1,-2157,186,9380
115,24024,25292,1,-2473,-59,9380
116,24104,25293,1,-2229,339,9316
117,24184,25293,1,-2408,122,9474
118,24265,25293,1,-2554,117,9404
119,24345,25293,1,-2411,-16,9311
120,24426,25293,1,-2516,-88,9402
121,24506,25293,1,-2645,-169,9268
122,24586,25293,1,-2655,-23,9191
123,24667,25293,1,-2545,-88,9399
124,24747,25293,1,-2748,-69,9313
125,24828,25915,1,-2645,-50,9445
126,24908,25916,1,-2810,-136,9045
127,24988,25916,1,-2674,-292,9026
128,25069,25916,1,-2478,-270,8873
129,25149,25916,1,-2396,-505,9390
130,25230,25916,1,-2087,-617,9610
131,25310,25916,1,-1927,-584,9452
132,25390,25916,1,-1146,-996,9557
133,25471,25916,1,-818,-890,10144
134,25551,25916,1,-840,-1118,9567
135,25632,25916,1,-924,-988,9543
136,25712,25916,1,-780,-914,9469
137,25792,25916,1,-998,-950,9761
138,25891,26917,1,-699,-691,9751
139,25971,26917,1,-588,-780,9648
140,26051,26917,1,-730,-797,9641
141,26131,26917,1,-505,-747,9708
142,26211,26917,1,-632,-656,9670
143,26291,26917,1,-507,-701,9488
144,26371,26917,1,-591,-768,9613
145,26451,26917,1,-541,-842,9615
146,26531,26917,1,-486,-806,9680
147,26611,26917,1,-359,-998,9629
148,26691,26917,1,-502,-864,9658
149,26771,26917,1,-498,-833,9466
150,26851,27948,1,-639,-1024,9859
151,26930,27948,1,-725,-1017,9658
152,27010,27948,1,-718,-948,9598
153,27090,27948,1,-675,-1386,9536
154,27169,27948,1,-332,-1019,9586
155,27249,27948,1,-744,-1656,9426
156,27329,27948,1,-869,-1877,9529
157,27408,27948,1,-701,-1573,9634
158,27488,27948,1,-1019,-1637,9397
159,27568,27949,1,-849,-1903,9589
160,27647,27949,1,-940,-1182,9435
161,27727,27949,1,-1007,-1221,9261
162,27807,27949,1,-689,-495,9993
163,27886,28947,1,193,-814,8449
164,27966,28947,1,-390,-2549,10431
165,28046,28947,1,380,-1264,10103
166,28126,28947,1,146,1029,8935
167,28206,28948,1,-1501,888,9883
168,28286,28948,1,-560,1108,9620
169,28366,28948,1,1599,1134,10041
170,28446,28948,1,-1589,31,9512
171,28526,28948,1,-256,181,9828
172,28606,28948,1,-342,119,9701
173,28686,28948,1,-1230,-423,8873
174,28766,28948,1,-284,361,9981
175,28846,29950,1,-715,-105,9481
176,28926,29950,1,-471,-74,9682
177,29006,29950,1,-442,-117,9727
178,29087,29950,1,-586,-153,9742
179,29167,29950,1,-428,-299,9809
180,29248,29950,1,-543,-201,9713
181,29328,29950,1,-622,-122,9687
182,29408,29950,1,-471,-31,9687
183,29489,29950,1,-543,-86,9737
184,29569,29950,1,-380,-102,9744
185,29650,29950,1,-205,-696,9859
186,29730,29950,1,98,-241,9440
187,29810,29950,1,-445,-1027,9586
